<?xml version = '1.0' encoding = 'UTF-8'?>
<Diagram class="oracle.dbtools.crest.swingui.relational.DPVRelational" name="Relational_1" id="4D5E72B3-AD4F-E77C-E1B3-F85AFC6A6CB0">
<createdBy>zhao0004</createdBy>
<modifiedBy>zhao0004</modifiedBy>
<createdTime>2020-09-26 03:31:09 UTC</createdTime>
<autoRoute>false</autoRoute>
<boxInbox>true</boxInbox>
<showLegend>false</showLegend>
<showLabels>false</showLabels>
<showRelAttributes>false</showRelAttributes>
<gridEnabled>false</gridEnabled>
<showGrid>false</showGrid>
<diagramColor>-1</diagramColor>
<display>false</display>
<notation>1</notation>
<objectViews>
<OView class="oracle.dbtools.crest.swingui.relational.TVTable" oid="01E037D1-0CAF-21F5-2B3C-D8C219D37462" otype="Table" vid="9C3146AC-E877-C537-AA5E-1221F274AA09">
<hideElementsInCurrentOnly>false</hideElementsInCurrentOnly>
<bounds x="833" y="409" width="168" height="122"/>
</OView>
<OView class="oracle.dbtools.crest.swingui.relational.TVTable" oid="442A7AAC-AC60-57D3-9123-07A5F9A23C81" otype="Table" vid="9F3CEEBE-9168-11C6-140B-2AB857B743F9">
<hideElementsInCurrentOnly>false</hideElementsInCurrentOnly>
<bounds x="1343" y="35" width="170" height="110"/>
</OView>
<OView class="oracle.dbtools.crest.swingui.relational.TVTable" oid="4817F853-D7A0-EFD7-0A4E-6E3C32C78A9D" otype="Table" vid="71F96C7A-2930-3646-BC27-C639B5ECF029">
<hideElementsInCurrentOnly>false</hideElementsInCurrentOnly>
<bounds x="346" y="245" width="170" height="154"/>
</OView>
<OView class="oracle.dbtools.crest.swingui.relational.TVTable" oid="4F8AA410-CF05-C98A-ACD7-2B3F673F2B5F" otype="Table" vid="09E83139-D7E7-5595-2B79-4A3D7C71A1A9">
<hideElementsInCurrentOnly>false</hideElementsInCurrentOnly>
<bounds x="348" y="541" width="170" height="150"/>
</OView>
<OView class="oracle.dbtools.crest.swingui.relational.TVTable" oid="698B7CA4-539D-4A65-6562-66037DB3D887" otype="Table" vid="2F06A43E-CE31-4BDE-3CB3-601CE12EABC7">
<hideElementsInCurrentOnly>false</hideElementsInCurrentOnly>
<bounds x="731" y="777" width="170" height="110"/>
</OView>
<OView class="oracle.dbtools.crest.swingui.relational.TVTable" oid="70256B94-705B-041D-7CDE-47453AB0DD1F" otype="Table" vid="DD474BED-75E8-6571-705E-45CC677C7767">
<hideElementsInCurrentOnly>false</hideElementsInCurrentOnly>
<bounds x="978" y="262" width="188" height="115"/>
</OView>
<OView class="oracle.dbtools.crest.swingui.relational.TVTable" oid="7338C3A8-01AF-4DED-1994-ACB9BED40090" otype="Table" vid="C1795ECE-91CA-A432-080F-EB0A778071AD">
<hideElementsInCurrentOnly>false</hideElementsInCurrentOnly>
<bounds x="1354" y="750" width="170" height="151"/>
</OView>
<OView class="oracle.dbtools.crest.swingui.relational.TVTable" oid="8CD677A7-DC83-B37F-F6C2-3CC4C4587F1A" otype="Table" vid="8F71E081-63B8-0905-DFE7-672BAFC10619">
<hideElementsInCurrentOnly>false</hideElementsInCurrentOnly>
<bounds x="534" y="957" width="170" height="110"/>
</OView>
<OView class="oracle.dbtools.crest.swingui.relational.TVTable" oid="9B0F9258-3EC5-AF11-19E0-74854ED92518" otype="Table" vid="0B63BB48-EB66-D2FB-D5BB-38D5BBF8F4CC">
<hideElementsInCurrentOnly>false</hideElementsInCurrentOnly>
<bounds x="1342" y="258" width="170" height="180"/>
</OView>
<OView class="oracle.dbtools.crest.swingui.relational.TVTable" oid="A02F3C7B-7541-3F36-89A5-61C0ABED1820" otype="Table" vid="39651EB6-39C9-62C1-EA24-400003E7C21F">
<hideElementsInCurrentOnly>false</hideElementsInCurrentOnly>
<bounds x="1738" y="285" width="170" height="87"/>
</OView>
<OView class="oracle.dbtools.crest.swingui.relational.TVTable" oid="D2060201-1666-0230-2609-A52EFCF66C99" otype="Table" vid="9638961F-EB6A-5E70-1AAE-88B452833CBB">
<hideElementsInCurrentOnly>false</hideElementsInCurrentOnly>
<bounds x="345" y="778" width="170" height="110"/>
</OView>
<OView class="oracle.dbtools.crest.swingui.relational.TVTable" oid="DEA444F5-F49B-AA7C-9AD9-25A7058F10EC" otype="Table" vid="A463201E-2039-EB89-B975-A1E9DAD7982C">
<hideElementsInCurrentOnly>false</hideElementsInCurrentOnly>
<bounds x="671" y="271" width="170" height="80"/>
</OView>
</objectViews>
<connectors>
<Connector class="oracle.dbtools.crest.swingui.relational.TVFKRelation" oid="14417701-D043-6CA6-3FDF-A8DB4263C0D1" otype="FKIndexAssociation" vid_source="DD474BED-75E8-6571-705E-45CC677C7767" vid_target="A463201E-2039-EB89-B975-A1E9DAD7982C">
<hideElementsInCurrentOnly>false</hideElementsInCurrentOnly>
<backgroundColor>-16777216</backgroundColor>
<lineWidth>1</lineWidth>
<points>
<point x="978" y="311"/>
<point x="841" y="311"/>
</points>
</Connector>
<Connector class="oracle.dbtools.crest.swingui.relational.TVFKRelation" oid="1DDA6495-C8DD-102B-7B57-16006407D3F1" otype="FKIndexAssociation" vid_source="71F96C7A-2930-3646-BC27-C639B5ECF029" vid_target="09E83139-D7E7-5595-2B79-4A3D7C71A1A9">
<hideElementsInCurrentOnly>false</hideElementsInCurrentOnly>
<backgroundColor>-16777216</backgroundColor>
<lineWidth>1</lineWidth>
<points>
<point x="432" y="399"/>
<point x="432" y="541"/>
</points>
</Connector>
<Connector class="oracle.dbtools.crest.swingui.relational.TVFKRelation" oid="32DF87BD-0891-E378-1BB3-3FBF961378E6" otype="FKIndexAssociation" vid_source="2F06A43E-CE31-4BDE-3CB3-601CE12EABC7" vid_target="8F71E081-63B8-0905-DFE7-672BAFC10619">
<hideElementsInCurrentOnly>false</hideElementsInCurrentOnly>
<backgroundColor>-16777216</backgroundColor>
<lineWidth>1</lineWidth>
<points>
<point x="817" y="887"/>
<point x="817" y="992"/>
<point x="704" y="992"/>
</points>
</Connector>
<Connector class="oracle.dbtools.crest.swingui.relational.TVFKRelation" oid="3560C592-3929-E758-7915-9C7D723E6559" otype="FKIndexAssociation" vid_source="2F06A43E-CE31-4BDE-3CB3-601CE12EABC7" vid_target="9638961F-EB6A-5E70-1AAE-88B452833CBB">
<hideElementsInCurrentOnly>false</hideElementsInCurrentOnly>
<backgroundColor>-16777216</backgroundColor>
<lineWidth>1</lineWidth>
<points>
<point x="731" y="832"/>
<point x="515" y="832"/>
</points>
</Connector>
<Connector class="oracle.dbtools.crest.swingui.relational.TVFKRelation" oid="3956AFEB-A855-D5CD-B9C8-CC4760CD631E" otype="FKIndexAssociation" vid_source="C1795ECE-91CA-A432-080F-EB0A778071AD" vid_target="09E83139-D7E7-5595-2B79-4A3D7C71A1A9">
<hideElementsInCurrentOnly>false</hideElementsInCurrentOnly>
<backgroundColor>-16777216</backgroundColor>
<lineWidth>1</lineWidth>
<points>
<point x="1362" y="750"/>
<point x="1362" y="624"/>
<point x="518" y="624"/>
</points>
</Connector>
<Connector class="oracle.dbtools.crest.swingui.relational.TVFKRelation" oid="3DCAB872-5DFB-8315-7E6E-5ADDE813C85B" otype="FKIndexAssociation" vid_source="71F96C7A-2930-3646-BC27-C639B5ECF029" vid_target="71F96C7A-2930-3646-BC27-C639B5ECF029">
<hideElementsInCurrentOnly>false</hideElementsInCurrentOnly>
<backgroundColor>-16777216</backgroundColor>
<lineWidth>1</lineWidth>
<points>
<point x="360" y="245"/>
<point x="360" y="194"/>
<point x="498" y="193"/>
<point x="498" y="245"/>
</points>
</Connector>
<Connector class="oracle.dbtools.crest.swingui.relational.TVFKRelation" oid="47BB9A9A-07EC-2E67-BDD5-0A4897C942AE" otype="FKIndexAssociation" vid_source="2F06A43E-CE31-4BDE-3CB3-601CE12EABC7" vid_target="C1795ECE-91CA-A432-080F-EB0A778071AD">
<hideElementsInCurrentOnly>false</hideElementsInCurrentOnly>
<backgroundColor>-16777216</backgroundColor>
<lineWidth>1</lineWidth>
<points>
<point x="901" y="832"/>
<point x="1354" y="832"/>
</points>
</Connector>
<Connector class="oracle.dbtools.crest.swingui.relational.TVFKRelation" oid="59A26DF1-662D-ED32-E188-F9D664323771" otype="FKIndexAssociation" vid_source="DD474BED-75E8-6571-705E-45CC677C7767" vid_target="0B63BB48-EB66-D2FB-D5BB-38D5BBF8F4CC">
<hideElementsInCurrentOnly>false</hideElementsInCurrentOnly>
<backgroundColor>-16777216</backgroundColor>
<lineWidth>1</lineWidth>
<points>
<point x="1166" y="319"/>
<point x="1342" y="319"/>
</points>
</Connector>
<Connector class="oracle.dbtools.crest.swingui.relational.TVFKRelation" oid="5BEFE408-ADA7-FC12-B407-73480E257257" otype="FKIndexAssociation" vid_source="9638961F-EB6A-5E70-1AAE-88B452833CBB" vid_target="09E83139-D7E7-5595-2B79-4A3D7C71A1A9">
<hideElementsInCurrentOnly>false</hideElementsInCurrentOnly>
<backgroundColor>-16777216</backgroundColor>
<lineWidth>1</lineWidth>
<points>
<point x="431" y="778"/>
<point x="431" y="691"/>
</points>
</Connector>
<Connector class="oracle.dbtools.crest.swingui.relational.TVFKRelation" oid="65D2CDEE-680A-5660-F2FE-B93A9930624B" otype="FKIndexAssociation" vid_source="C1795ECE-91CA-A432-080F-EB0A778071AD" vid_target="9C3146AC-E877-C537-AA5E-1221F274AA09">
<hideElementsInCurrentOnly>false</hideElementsInCurrentOnly>
<backgroundColor>-16777216</backgroundColor>
<lineWidth>1</lineWidth>
<points>
<point x="1430" y="750"/>
<point x="1430" y="481"/>
<point x="1001" y="481"/>
</points>
</Connector>
<Connector class="oracle.dbtools.crest.swingui.relational.TVFKRelation" oid="73869B8E-9E19-425B-C706-F18CB2DAD729" otype="FKIndexAssociation" vid_source="39651EB6-39C9-62C1-EA24-400003E7C21F" vid_target="0B63BB48-EB66-D2FB-D5BB-38D5BBF8F4CC">
<hideElementsInCurrentOnly>false</hideElementsInCurrentOnly>
<backgroundColor>-16777216</backgroundColor>
<lineWidth>1</lineWidth>
<points>
<point x="1738" y="328"/>
<point x="1512" y="328"/>
</points>
</Connector>
<Connector class="oracle.dbtools.crest.swingui.relational.TVFKRelation" oid="9C5791AB-4493-284A-D31D-EE126D67080C" otype="FKIndexAssociation" vid_source="71F96C7A-2930-3646-BC27-C639B5ECF029" vid_target="A463201E-2039-EB89-B975-A1E9DAD7982C">
<hideElementsInCurrentOnly>false</hideElementsInCurrentOnly>
<backgroundColor>-16777216</backgroundColor>
<lineWidth>1</lineWidth>
<points>
<point x="516" y="311"/>
<point x="671" y="313"/>
</points>
</Connector>
<Connector class="oracle.dbtools.crest.swingui.relational.TVFKRelation" oid="B631CFDE-FB27-21AE-13E1-BE3AC94E0AB1" otype="FKIndexAssociation" vid_source="9638961F-EB6A-5E70-1AAE-88B452833CBB" vid_target="8F71E081-63B8-0905-DFE7-672BAFC10619">
<hideElementsInCurrentOnly>false</hideElementsInCurrentOnly>
<backgroundColor>-16777216</backgroundColor>
<lineWidth>1</lineWidth>
<points>
<point x="428" y="888"/>
<point x="428" y="986"/>
<point x="534" y="986"/>
</points>
</Connector>
<Connector class="oracle.dbtools.crest.swingui.relational.TVFKRelation" oid="B67ACEEF-DF4A-9746-0FD4-B1F52875E13C" otype="FKIndexAssociation" vid_source="71F96C7A-2930-3646-BC27-C639B5ECF029" vid_target="9C3146AC-E877-C537-AA5E-1221F274AA09">
<hideElementsInCurrentOnly>false</hideElementsInCurrentOnly>
<backgroundColor>-16777216</backgroundColor>
<lineWidth>1</lineWidth>
<points>
<point x="494" y="399"/>
<point x="494" y="478"/>
<point x="833" y="478"/>
</points>
</Connector>
<Connector class="oracle.dbtools.crest.swingui.relational.TVFKRelation" oid="C3571A02-0844-6371-0EAB-1F16BB00F47A" otype="FKIndexAssociation" vid_source="9F3CEEBE-9168-11C6-140B-2AB857B743F9" vid_target="0B63BB48-EB66-D2FB-D5BB-38D5BBF8F4CC">
<hideElementsInCurrentOnly>false</hideElementsInCurrentOnly>
<backgroundColor>-16777216</backgroundColor>
<lineWidth>1</lineWidth>
<points>
<point x="1427" y="145"/>
<point x="1427" y="258"/>
</points>
</Connector>
<Connector class="oracle.dbtools.crest.swingui.relational.TVFKRelation" oid="C823EBB3-6330-A296-AF8B-640B63C3FE28" otype="FKIndexAssociation" vid_source="0B63BB48-EB66-D2FB-D5BB-38D5BBF8F4CC" vid_target="C1795ECE-91CA-A432-080F-EB0A778071AD">
<hideElementsInCurrentOnly>false</hideElementsInCurrentOnly>
<backgroundColor>-16777216</backgroundColor>
<lineWidth>1</lineWidth>
<points>
<point x="1501" y="438"/>
<point x="1501" y="750"/>
</points>
</Connector>
</connectors>
</Diagram>
