<?xml version = '1.0' encoding = 'UTF-8'?>
<FKIndexAssociation class="oracle.dbtools.crest.model.design.relational.FKIndexAssociation" directorySegmentName="seg_0" id="5BEFE408-ADA7-FC12-B407-73480E257257" containerWithKeyObject="4F8AA410-CF05-C98A-ACD7-2B3F673F2B5F" localFKIndex="851E460A-41B9-DE8D-38E2-8F9719DF3A3D" name="Relation_8">
<createdBy>zhao0004</createdBy>
<createdTime>2020-09-28 13:24:09 UTC</createdTime>
<generatorID>1798E5DF-C66E-3FF5-7A9F-54D42745D921</generatorID>
<ownerDesignName>fdas_oraclemodel</ownerDesignName>
<referredTableLongName>ASSESSOR</referredTableLongName>
<deleteRule>NO ACTION</deleteRule>
<referredTableID>D2060201-1666-0230-2609-A52EFCF66C99</referredTableID>
<keyObject>97DDAC7E-99CA-8670-80CC-6F4DB9EBE9A8</keyObject>
<referredKeyID>97DDAC7E-99CA-8670-80CC-6F4DB9EBE9A8</referredKeyID>
<mandatory>false</mandatory>
<refColNames>assessor_id</refColNames>
<transferable>true</transferable>
<rely>false</rely>
<columnDependencyConstraintGenerateInDDL>true</columnDependencyConstraintGenerateInDDL>
</FKIndexAssociation>
