<?xml version = '1.0' encoding = 'UTF-8'?>
<Entity class="oracle.dbtools.crest.model.design.logical.Entity" directorySegmentName="seg_0" id="1B7A372C-8D0C-958E-D35E-1F38E75334DF" name="PROPERTY_TYPE">
<createdBy>zhao0004</createdBy>
<createdTime>2020-09-26 01:10:44 UTC</createdTime>
<ownerDesignName>fdas_oraclemodel</ownerDesignName>
<adequatelyNormalized>NO</adequatelyNormalized>
<expectedVolumes>0</expectedVolumes>
<fwdEngineeringStrategyName>Single Table</fwdEngineeringStrategyName>
<growthPercent>0</growthPercent>
<growthType>Year</growthType>
<maxVolumes>9999999</maxVolumes>
<minVolumes>0</minVolumes>
<normalForm>Third</normalForm>
<attributes itemClass="oracle.dbtools.crest.model.design.logical.Attribute">
<Attribute name="pro_ty_id" id="E5090692-12D2-A465-6783-54975F09BE1C">
<createdBy>zhao0004</createdBy>
<createdTime>2020-09-26 01:10:57 UTC</createdTime>
<commentInRDBMS><![CDATA[property type ID]]></commentInRDBMS>
<ownerDesignName>fdas_oraclemodel</ownerDesignName>
<useDomainConstraints>false</useDomainConstraints>
<use>1</use>
<logicalDatatype>LOGDT019</logicalDatatype>
<dataTypePrecision>2</dataTypePrecision>
<ownDataTypeParameters>,2,</ownDataTypeParameters>
</Attribute>
<Attribute name="pro_ty_name" id="7756DD6F-63F9-2C4D-175C-EE6E309F1EA5">
<createdBy>zhao0004</createdBy>
<createdTime>2020-09-26 01:11:21 UTC</createdTime>
<commentInRDBMS><![CDATA[property type name]]></commentInRDBMS>
<ownerDesignName>fdas_oraclemodel</ownerDesignName>
<useDomainConstraints>false</useDomainConstraints>
<use>1</use>
<logicalDatatype>LOGDT024</logicalDatatype>
<dataTypeSize>40</dataTypeSize>
<ownDataTypeParameters>40,,</ownDataTypeParameters>
</Attribute>
</attributes>
<identifiers itemClass="oracle.dbtools.crest.model.design.logical.CandidateKey">
<identifier id="084AED92-621D-8F00-749E-4BE6D82108A7" name="PROPERTY_TYPE PK">
<createdBy>zhao0004</createdBy>
<createdTime>2020-09-26 01:11:04 UTC</createdTime>
<ownerDesignName>fdas_oraclemodel</ownerDesignName>
<pk>true</pk>
<usedAttributes>
<attributeRef>E5090692-12D2-A465-6783-54975F09BE1C</attributeRef>
</usedAttributes>
</identifier>
</identifiers>
</Entity>
