<?xml version = '1.0' encoding = 'UTF-8'?>
<Entity class="oracle.dbtools.crest.model.design.logical.Entity" directorySegmentName="seg_0" id="BC34F69E-3795-35CD-60C0-5F4123142F68" name="INSURER">
<createdBy>zhao0004</createdBy>
<createdTime>2020-09-25 23:22:27 UTC</createdTime>
<ownerDesignName>fdas_oraclemodel</ownerDesignName>
<adequatelyNormalized>NO</adequatelyNormalized>
<expectedVolumes>0</expectedVolumes>
<fwdEngineeringStrategyName>Single Table</fwdEngineeringStrategyName>
<growthPercent>0</growthPercent>
<growthType>Year</growthType>
<maxVolumes>9999999</maxVolumes>
<minVolumes>0</minVolumes>
<normalForm>Third</normalForm>
<attributes itemClass="oracle.dbtools.crest.model.design.logical.Attribute">
<Attribute name="insur_code" id="66AC0683-4E6B-1AA5-1A87-51FB395D03A1">
<createdBy>zhao0004</createdBy>
<createdTime>2020-09-25 23:22:37 UTC</createdTime>
<commentInRDBMS><![CDATA[insurer code]]></commentInRDBMS>
<ownerDesignName>fdas_oraclemodel</ownerDesignName>
<useDomainConstraints>false</useDomainConstraints>
<use>1</use>
<logicalDatatype>LOGDT019</logicalDatatype>
<dataTypePrecision>7</dataTypePrecision>
<ownDataTypeParameters>,7,</ownDataTypeParameters>
</Attribute>
<Attribute name="insur_lname" id="380ADD1E-7452-CBB6-4350-963DA03BAF1C">
<createdBy>zhao0004</createdBy>
<createdTime>2020-09-25 23:25:05 UTC</createdTime>
<commentInRDBMS><![CDATA[insurer last name]]></commentInRDBMS>
<ownerDesignName>fdas_oraclemodel</ownerDesignName>
<useDomainConstraints>false</useDomainConstraints>
<use>1</use>
<logicalDatatype>LOGDT024</logicalDatatype>
<dataTypeSize>30 BYTE</dataTypeSize>
<ownDataTypeParameters>30 BYTE,,</ownDataTypeParameters>
</Attribute>
<Attribute name="insur_fname" id="4E018BF4-DEAE-1F6F-FE8F-E49E05D76A07">
<createdBy>zhao0004</createdBy>
<createdTime>2020-09-25 23:23:45 UTC</createdTime>
<commentInRDBMS><![CDATA[insurer family name]]></commentInRDBMS>
<ownerDesignName>fdas_oraclemodel</ownerDesignName>
<useDomainConstraints>false</useDomainConstraints>
<use>1</use>
<logicalDatatype>LOGDT024</logicalDatatype>
<dataTypeSize>30 BYTE</dataTypeSize>
<ownDataTypeParameters>30 BYTE,,</ownDataTypeParameters>
</Attribute>
<Attribute name="insur_phoneNumber" id="DA612454-6329-E7A8-E3F2-2D7726C192D2">
<createdBy>zhao0004</createdBy>
<createdTime>2020-09-25 23:25:54 UTC</createdTime>
<commentInRDBMS><![CDATA[insurer's phone number]]></commentInRDBMS>
<ownerDesignName>fdas_oraclemodel</ownerDesignName>
<useDomainConstraints>false</useDomainConstraints>
<use>1</use>
<logicalDatatype>LOGDT025</logicalDatatype>
<dataTypeSize>10</dataTypeSize>
<ownDataTypeParameters>10,,</ownDataTypeParameters>
</Attribute>
</attributes>
<identifiers itemClass="oracle.dbtools.crest.model.design.logical.CandidateKey">
<identifier id="B34FE841-BE13-A9F8-1F7B-B6AA1DF957E4" name="INSURER PK">
<createdBy>zhao0004</createdBy>
<createdTime>2020-09-25 23:23:33 UTC</createdTime>
<ownerDesignName>fdas_oraclemodel</ownerDesignName>
<pk>true</pk>
<usedAttributes>
<attributeRef>66AC0683-4E6B-1AA5-1A87-51FB395D03A1</attributeRef>
</usedAttributes>
</identifier>
</identifiers>
</Entity>
