<?xml version = '1.0' encoding = 'UTF-8'?>
<Diagram class="oracle.dbtools.crest.swingui.relational.DPVRelational" name="Relational_1" id="4D5E72B3-AD4F-E77C-E1B3-F85AFC6A6CB0">
<createdBy>zhao0004</createdBy>
<modifiedBy>zhao0004</modifiedBy>
<createdTime>2020-09-26 03:31:09 UTC</createdTime>
<autoRoute>false</autoRoute>
<boxInbox>true</boxInbox>
<showLegend>false</showLegend>
<showLabels>false</showLabels>
<showRelAttributes>false</showRelAttributes>
<gridEnabled>false</gridEnabled>
<showGrid>false</showGrid>
<diagramColor>-1</diagramColor>
<display>false</display>
<notation>1</notation>
<objectViews>
<OView class="oracle.dbtools.crest.swingui.relational.TVTable" oid="046D768E-F329-36B8-01EC-3714927C744D" otype="Table" vid="4F60CC21-7DF5-6AA0-0131-D6B2DC3809EE">
<hideElementsInCurrentOnly>false</hideElementsInCurrentOnly>
<bounds x="534" y="957" width="255" height="159"/>
</OView>
<OView class="oracle.dbtools.crest.swingui.relational.TVTable" oid="140A7534-AA55-2990-A886-86702F2077F3" otype="Table" vid="E801EA90-8CBE-4C5C-8AAA-6B5B1715EC67">
<hideElementsInCurrentOnly>false</hideElementsInCurrentOnly>
<bounds x="731" y="777" width="255" height="115"/>
</OView>
<OView class="oracle.dbtools.crest.swingui.relational.TVTable" oid="1B4C106D-B998-9AB4-E96D-D8FE29ABBC05" otype="Table" vid="7B916AF7-6C46-8331-15F6-0ACBF52962B9">
<hideElementsInCurrentOnly>false</hideElementsInCurrentOnly>
<bounds x="1708" y="285" width="200" height="106"/>
</OView>
<OView class="oracle.dbtools.crest.swingui.relational.TVTable" oid="23360CC4-EB40-BD4D-37EE-4672137BE585" otype="Table" vid="AEF6A772-31C1-7E2B-F632-99A8DDAE4A79">
<hideElementsInCurrentOnly>false</hideElementsInCurrentOnly>
<bounds x="1342" y="258" width="253" height="232"/>
</OView>
<OView class="oracle.dbtools.crest.swingui.relational.TVTable" oid="29371E0C-2B88-8B00-907F-7B60D29EA9B0" otype="Table" vid="96F342FB-242D-C703-A697-12AA0EA8AB9B">
<hideElementsInCurrentOnly>false</hideElementsInCurrentOnly>
<bounds x="346" y="245" width="269" height="207"/>
</OView>
<OView class="oracle.dbtools.crest.swingui.relational.TVTable" oid="475950E4-F6E1-0AF6-0945-320340131CA4" otype="Table" vid="F49FACFC-C293-D7D4-E8AB-739D8120D176">
<hideElementsInCurrentOnly>false</hideElementsInCurrentOnly>
<bounds x="1343" y="35" width="281" height="113"/>
</OView>
<OView class="oracle.dbtools.crest.swingui.relational.TVTable" oid="5E3B96BB-FE34-8881-D576-F1A06DCA11BC" otype="Table" vid="FA89F864-CF6C-0654-1DDF-E6BA4FE85185">
<hideElementsInCurrentOnly>false</hideElementsInCurrentOnly>
<bounds x="345" y="778" width="293" height="138"/>
</OView>
<OView class="oracle.dbtools.crest.swingui.relational.TVTable" oid="B23660B5-228F-32C9-C904-1124C952B745" otype="Table" vid="9C4D7EB6-55C3-9490-15DE-E7B01FD97BF3">
<hideElementsInCurrentOnly>false</hideElementsInCurrentOnly>
<bounds x="1342" y="754" width="244" height="205"/>
</OView>
<OView class="oracle.dbtools.crest.swingui.relational.TVTable" oid="BBDAA82B-DFDF-10BA-7DBE-E347F3BEAD14" otype="Table" vid="435F9B80-F608-F28B-A2B3-74EF5A75C8CE">
<hideElementsInCurrentOnly>false</hideElementsInCurrentOnly>
<bounds x="8" y="566" width="305" height="199"/>
</OView>
<OView class="oracle.dbtools.crest.swingui.relational.TVTable" oid="C47E30FB-2E10-63C5-9F2E-CE20A3DF9B11" otype="Table" vid="6719498D-30DA-CDFB-C1AE-897B6F583DC0">
<hideElementsInCurrentOnly>false</hideElementsInCurrentOnly>
<bounds x="348" y="541" width="170" height="150"/>
</OView>
<OView class="oracle.dbtools.crest.swingui.relational.TVTable" oid="CF7C877D-5E05-11DF-9C57-E07FD514BE50" otype="Table" vid="BAEF9D48-A1A9-4F65-F6AF-C696004613F0">
<hideElementsInCurrentOnly>false</hideElementsInCurrentOnly>
<bounds x="671" y="271" width="235" height="115"/>
</OView>
<OView class="oracle.dbtools.crest.swingui.relational.TVTable" oid="E0495D7F-AAE4-6E1F-0B24-66F88F53AFC9" otype="Table" vid="58C832EB-DC45-C01F-8423-80C1564A7E43">
<hideElementsInCurrentOnly>false</hideElementsInCurrentOnly>
<bounds x="978" y="262" width="270" height="136"/>
</OView>
</objectViews>
<connectors>
<Connector class="oracle.dbtools.crest.swingui.relational.TVFKRelation" oid="13C7F476-DDDF-2242-3ACA-2224DC40EB7F" otype="FKIndexAssociation" vid_source="96F342FB-242D-C703-A697-12AA0EA8AB9B" vid_target="BAEF9D48-A1A9-4F65-F6AF-C696004613F0">
<hideElementsInCurrentOnly>false</hideElementsInCurrentOnly>
<backgroundColor>-16777216</backgroundColor>
<lineWidth>1</lineWidth>
<points>
<point x="615" y="328"/>
<point x="671" y="328"/>
</points>
</Connector>
<Connector class="oracle.dbtools.crest.swingui.relational.TVFKRelation" oid="5AE28A64-9A77-2084-16D9-C4EBFF18FC34" otype="FKIndexAssociation" vid_source="FA89F864-CF6C-0654-1DDF-E6BA4FE85185" vid_target="4F60CC21-7DF5-6AA0-0131-D6B2DC3809EE">
<hideElementsInCurrentOnly>false</hideElementsInCurrentOnly>
<backgroundColor>-16777216</backgroundColor>
<lineWidth>1</lineWidth>
<points>
<point x="428" y="916"/>
<point x="428" y="986"/>
<point x="534" y="986"/>
</points>
</Connector>
<Connector class="oracle.dbtools.crest.swingui.relational.TVFKRelation" oid="5EB5588A-98B3-902B-2726-7CA11F129B22" otype="FKIndexAssociation" vid_source="FA89F864-CF6C-0654-1DDF-E6BA4FE85185" vid_target="6719498D-30DA-CDFB-C1AE-897B6F583DC0">
<hideElementsInCurrentOnly>false</hideElementsInCurrentOnly>
<backgroundColor>-16777216</backgroundColor>
<lineWidth>1</lineWidth>
<points>
<point x="433" y="778"/>
<point x="433" y="691"/>
</points>
</Connector>
<Connector class="oracle.dbtools.crest.swingui.relational.TVFKRelation" oid="6EA1C156-6C47-F999-5AFC-ABE5EE813A47" otype="FKIndexAssociation" vid_source="6719498D-30DA-CDFB-C1AE-897B6F583DC0" vid_target="435F9B80-F608-F28B-A2B3-74EF5A75C8CE">
<hideElementsInCurrentOnly>false</hideElementsInCurrentOnly>
<backgroundColor>-16777216</backgroundColor>
<lineWidth>1</lineWidth>
<points>
<point x="348" y="628"/>
<point x="313" y="628"/>
</points>
</Connector>
<Connector class="oracle.dbtools.crest.swingui.relational.TVFKRelation" oid="78927979-3F4C-B151-C28B-F0351A295373" otype="FKIndexAssociation" vid_source="E801EA90-8CBE-4C5C-8AAA-6B5B1715EC67" vid_target="4F60CC21-7DF5-6AA0-0131-D6B2DC3809EE">
<hideElementsInCurrentOnly>false</hideElementsInCurrentOnly>
<backgroundColor>-16777216</backgroundColor>
<lineWidth>1</lineWidth>
<points>
<point x="817" y="892"/>
<point x="817" y="992"/>
<point x="789" y="992"/>
</points>
</Connector>
<Connector class="oracle.dbtools.crest.swingui.relational.TVFKRelation" oid="94BBE577-7F48-38B7-9512-8E42717422D9" otype="FKIndexAssociation" vid_source="96F342FB-242D-C703-A697-12AA0EA8AB9B" vid_target="96F342FB-242D-C703-A697-12AA0EA8AB9B">
<hideElementsInCurrentOnly>false</hideElementsInCurrentOnly>
<backgroundColor>-16777216</backgroundColor>
<lineWidth>1</lineWidth>
<points>
<point x="360" y="245"/>
<point x="360" y="194"/>
<point x="498" y="193"/>
<point x="498" y="245"/>
</points>
</Connector>
<Connector class="oracle.dbtools.crest.swingui.relational.TVFKRelation" oid="9A3506D8-BCA2-78E5-9236-149653DC7048" otype="FKIndexAssociation" vid_source="F49FACFC-C293-D7D4-E8AB-739D8120D176" vid_target="AEF6A772-31C1-7E2B-F632-99A8DDAE4A79">
<hideElementsInCurrentOnly>false</hideElementsInCurrentOnly>
<backgroundColor>-16777216</backgroundColor>
<lineWidth>1</lineWidth>
<points>
<point x="1469" y="148"/>
<point x="1469" y="258"/>
</points>
</Connector>
<Connector class="oracle.dbtools.crest.swingui.relational.TVFKRelation" oid="9AE2CD22-AF48-77A1-8B3C-442817301262" otype="FKIndexAssociation" vid_source="58C832EB-DC45-C01F-8423-80C1564A7E43" vid_target="AEF6A772-31C1-7E2B-F632-99A8DDAE4A79">
<hideElementsInCurrentOnly>false</hideElementsInCurrentOnly>
<backgroundColor>-16777216</backgroundColor>
<lineWidth>1</lineWidth>
<points>
<point x="1248" y="330"/>
<point x="1342" y="330"/>
</points>
</Connector>
<Connector class="oracle.dbtools.crest.swingui.relational.TVFKRelation" oid="A5F72B24-7652-C6C1-1DC7-142E39566FE6" otype="FKIndexAssociation" vid_source="E801EA90-8CBE-4C5C-8AAA-6B5B1715EC67" vid_target="FA89F864-CF6C-0654-1DDF-E6BA4FE85185">
<hideElementsInCurrentOnly>false</hideElementsInCurrentOnly>
<backgroundColor>-16777216</backgroundColor>
<lineWidth>1</lineWidth>
<points>
<point x="731" y="835"/>
<point x="638" y="835"/>
</points>
</Connector>
<Connector class="oracle.dbtools.crest.swingui.relational.TVFKRelation" oid="AB20E938-849E-D83B-EAB8-75C8957BBD6F" otype="FKIndexAssociation" vid_source="7B916AF7-6C46-8331-15F6-0ACBF52962B9" vid_target="AEF6A772-31C1-7E2B-F632-99A8DDAE4A79">
<hideElementsInCurrentOnly>false</hideElementsInCurrentOnly>
<backgroundColor>-16777216</backgroundColor>
<lineWidth>1</lineWidth>
<points>
<point x="1708" y="338"/>
<point x="1595" y="338"/>
</points>
</Connector>
<Connector class="oracle.dbtools.crest.swingui.relational.TVFKRelation" oid="C40B086E-51ED-E4B9-E823-9A671663D31B" otype="FKIndexAssociation" vid_source="58C832EB-DC45-C01F-8423-80C1564A7E43" vid_target="BAEF9D48-A1A9-4F65-F6AF-C696004613F0">
<hideElementsInCurrentOnly>false</hideElementsInCurrentOnly>
<backgroundColor>-16777216</backgroundColor>
<lineWidth>1</lineWidth>
<points>
<point x="978" y="328"/>
<point x="906" y="328"/>
</points>
</Connector>
<Connector class="oracle.dbtools.crest.swingui.relational.TVFKRelation" oid="D58A2282-5AC7-A6DC-CD0D-5774E79759C1" otype="FKIndexAssociation" vid_source="9C4D7EB6-55C3-9490-15DE-E7B01FD97BF3" vid_target="6719498D-30DA-CDFB-C1AE-897B6F583DC0">
<hideElementsInCurrentOnly>false</hideElementsInCurrentOnly>
<backgroundColor>-16777216</backgroundColor>
<lineWidth>1</lineWidth>
<points>
<point x="1357" y="754"/>
<point x="1357" y="663"/>
<point x="518" y="663"/>
</points>
</Connector>
<Connector class="oracle.dbtools.crest.swingui.relational.TVFKRelation" oid="D9E207C1-E377-A0DC-AE73-6C21E2A278BE" otype="FKIndexAssociation" vid_source="AEF6A772-31C1-7E2B-F632-99A8DDAE4A79" vid_target="9C4D7EB6-55C3-9490-15DE-E7B01FD97BF3">
<hideElementsInCurrentOnly>false</hideElementsInCurrentOnly>
<backgroundColor>-16777216</backgroundColor>
<lineWidth>1</lineWidth>
<points>
<point x="1464" y="490"/>
<point x="1464" y="754"/>
</points>
</Connector>
<Connector class="oracle.dbtools.crest.swingui.relational.TVFKRelation" oid="DE9651F0-55AF-1BD2-6B53-E205C4D783F7" otype="FKIndexAssociation" vid_source="96F342FB-242D-C703-A697-12AA0EA8AB9B" vid_target="6719498D-30DA-CDFB-C1AE-897B6F583DC0">
<hideElementsInCurrentOnly>false</hideElementsInCurrentOnly>
<backgroundColor>-16777216</backgroundColor>
<lineWidth>1</lineWidth>
<points>
<point x="433" y="452"/>
<point x="433" y="541"/>
</points>
</Connector>
<Connector class="oracle.dbtools.crest.swingui.relational.TVFKRelation" oid="ED0259CD-2854-5DC5-9874-FB2BFDF68AEE" otype="FKIndexAssociation" vid_source="E801EA90-8CBE-4C5C-8AAA-6B5B1715EC67" vid_target="9C4D7EB6-55C3-9490-15DE-E7B01FD97BF3">
<hideElementsInCurrentOnly>false</hideElementsInCurrentOnly>
<backgroundColor>-16777216</backgroundColor>
<lineWidth>1</lineWidth>
<points>
<point x="986" y="834"/>
<point x="1342" y="834"/>
</points>
</Connector>
</connectors>
</Diagram>
