<?xml version = '1.0' encoding = 'UTF-8'?>
<Table class="oracle.dbtools.crest.model.design.relational.Table" directorySegmentName="seg_0" id="442A7AAC-AC60-57D3-9123-07A5F9A23C81" name="OWNER">
<createdBy>zhao0004</createdBy>
<createdTime>2020-09-28 13:24:09 UTC</createdTime>
<generatorID>E11AE6FF-421C-F54A-B267-DB740C4E506E</generatorID>
<ownerDesignName>fdas_oraclemodel</ownerDesignName>
<allowColumnReorder>false</allowColumnReorder>
<existDependencyGenerateInDDl>true</existDependencyGenerateInDDl>
<parsed>true</parsed>
<columns itemClass="oracle.dbtools.crest.model.design.relational.Column">
<Column name="owner_id" id="6D7C6452-424F-A2CC-0B0B-C6AC4339BF27">
<createdBy>zhao0004</createdBy>
<createdTime>2020-09-28 13:24:09 UTC</createdTime>
<commentInRDBMS><![CDATA[owner_id]]></commentInRDBMS>
<generatorID>9F4E3418-8497-94A2-8EDD-84AACC2C5DEC</generatorID>
<ownerDesignName>fdas_oraclemodel</ownerDesignName>
<useDomainConstraints>false</useDomainConstraints>
<use>1</use>
<logicalDatatype>LOGDT019</logicalDatatype>
<dataTypePrecision>7</dataTypePrecision>
<ownDataTypeParameters>,7,</ownDataTypeParameters>
<autoIncrementCycle>false</autoIncrementCycle>
</Column>
<Column name="owner_name" id="4E30192B-EE6D-C609-1FED-CC854B169330">
<createdBy>zhao0004</createdBy>
<createdTime>2020-09-28 13:24:09 UTC</createdTime>
<commentInRDBMS><![CDATA[owner's name]]></commentInRDBMS>
<generatorID>086A442A-603B-CC08-82EC-4025D9B215CB</generatorID>
<ownerDesignName>fdas_oraclemodel</ownerDesignName>
<useDomainConstraints>false</useDomainConstraints>
<use>1</use>
<logicalDatatype>LOGDT024</logicalDatatype>
<dataTypeSize>30 BYTE</dataTypeSize>
<ownDataTypeParameters>30 BYTE,,</ownDataTypeParameters>
<autoIncrementCycle>false</autoIncrementCycle>
</Column>
<Column name="owner_phoneNumber" id="B665AF98-9CC7-336A-DDE8-93B1CFA61D12">
<createdBy>zhao0004</createdBy>
<createdTime>2020-09-28 13:24:09 UTC</createdTime>
<commentInRDBMS><![CDATA[owner's phone number]]></commentInRDBMS>
<generatorID>B8B91A67-8744-8D46-9ED6-3681B7ED2141</generatorID>
<ownerDesignName>fdas_oraclemodel</ownerDesignName>
<useDomainConstraints>false</useDomainConstraints>
<use>1</use>
<logicalDatatype>LOGDT025</logicalDatatype>
<dataTypeSize>10 BYTE</dataTypeSize>
<ownDataTypeParameters>10 BYTE,,</ownDataTypeParameters>
<autoIncrementCycle>false</autoIncrementCycle>
</Column>
</columns>
<indexes itemClass="oracle.dbtools.crest.model.design.relational.Index">
<ind_PK_UK id="B8417864-9658-D2F9-D96A-AA0C0594F0E0" name="OWNER_PK">
<createdBy>zhao0004</createdBy>
<createdTime>2020-09-28 13:24:09 UTC</createdTime>
<generatorID>3478683A-1F06-60AE-8DFE-D48560F1606C</generatorID>
<ownerDesignName>fdas_oraclemodel</ownerDesignName>
<pk>true</pk>
<indexState>Primary Constraint</indexState>
<isSurrogateKey>false</isSurrogateKey>
<indexColumnUsage>
<colUsage columnID="6D7C6452-424F-A2CC-0B0B-C6AC4339BF27"/>
</indexColumnUsage>
</ind_PK_UK>
</indexes>
</Table>
