<?xml version = '1.0' encoding = 'UTF-8'?>
<Table class="oracle.dbtools.crest.model.design.relational.Table" directorySegmentName="seg_0" id="698B7CA4-539D-4A65-6562-66037DB3D887" name="INSURER">
<createdBy>zhao0004</createdBy>
<createdTime>2020-09-28 13:24:09 UTC</createdTime>
<generatorID>BC34F69E-3795-35CD-60C0-5F4123142F68</generatorID>
<ownerDesignName>fdas_oraclemodel</ownerDesignName>
<allowColumnReorder>false</allowColumnReorder>
<existDependencyGenerateInDDl>true</existDependencyGenerateInDDl>
<parsed>true</parsed>
<columns itemClass="oracle.dbtools.crest.model.design.relational.Column">
<Column name="insur_code" id="BBDCA6DC-A895-1701-37C9-F278095DF0C6">
<createdBy>zhao0004</createdBy>
<createdTime>2020-09-28 13:24:09 UTC</createdTime>
<commentInRDBMS><![CDATA[insurer code]]></commentInRDBMS>
<generatorID>66AC0683-4E6B-1AA5-1A87-51FB395D03A1</generatorID>
<ownerDesignName>fdas_oraclemodel</ownerDesignName>
<useDomainConstraints>false</useDomainConstraints>
<use>1</use>
<logicalDatatype>LOGDT019</logicalDatatype>
<dataTypePrecision>7</dataTypePrecision>
<ownDataTypeParameters>,7,</ownDataTypeParameters>
<autoIncrementCycle>false</autoIncrementCycle>
</Column>
<Column name="insur_lname" id="96F0F297-214E-D6D2-8031-69B9613422BD">
<createdBy>zhao0004</createdBy>
<createdTime>2020-09-28 13:24:09 UTC</createdTime>
<commentInRDBMS><![CDATA[insurer last name]]></commentInRDBMS>
<generatorID>380ADD1E-7452-CBB6-4350-963DA03BAF1C</generatorID>
<ownerDesignName>fdas_oraclemodel</ownerDesignName>
<nullsAllowed>true</nullsAllowed>
<useDomainConstraints>false</useDomainConstraints>
<use>1</use>
<logicalDatatype>LOGDT024</logicalDatatype>
<dataTypeSize>30 BYTE</dataTypeSize>
<ownDataTypeParameters>30 BYTE,,</ownDataTypeParameters>
<autoIncrementCycle>false</autoIncrementCycle>
</Column>
<Column name="insur_fname" id="814F7048-C6CF-82AB-E154-E17D7E58F672">
<createdBy>zhao0004</createdBy>
<createdTime>2020-09-28 13:24:09 UTC</createdTime>
<commentInRDBMS><![CDATA[insurer family name]]></commentInRDBMS>
<generatorID>4E018BF4-DEAE-1F6F-FE8F-E49E05D76A07</generatorID>
<ownerDesignName>fdas_oraclemodel</ownerDesignName>
<nullsAllowed>true</nullsAllowed>
<useDomainConstraints>false</useDomainConstraints>
<use>1</use>
<logicalDatatype>LOGDT024</logicalDatatype>
<dataTypeSize>30 BYTE</dataTypeSize>
<ownDataTypeParameters>30 BYTE,,</ownDataTypeParameters>
<autoIncrementCycle>false</autoIncrementCycle>
</Column>
<Column name="insur_phoneNumber" id="3B6DE103-8229-0181-DE70-A03B6276784E">
<createdBy>zhao0004</createdBy>
<createdTime>2020-09-28 13:24:09 UTC</createdTime>
<commentInRDBMS><![CDATA[insurer's phone number]]></commentInRDBMS>
<generatorID>DA612454-6329-E7A8-E3F2-2D7726C192D2</generatorID>
<ownerDesignName>fdas_oraclemodel</ownerDesignName>
<useDomainConstraints>false</useDomainConstraints>
<use>1</use>
<logicalDatatype>LOGDT025</logicalDatatype>
<dataTypeSize>10</dataTypeSize>
<ownDataTypeParameters>10,,</ownDataTypeParameters>
<autoIncrementCycle>false</autoIncrementCycle>
</Column>
</columns>
<indexes itemClass="oracle.dbtools.crest.model.design.relational.Index">
<ind_PK_UK id="818227EC-9506-5D6F-D2E3-B86B4A734567" name="INSURER_PK">
<createdBy>zhao0004</createdBy>
<createdTime>2020-09-28 13:24:09 UTC</createdTime>
<generatorID>B34FE841-BE13-A9F8-1F7B-B6AA1DF957E4</generatorID>
<ownerDesignName>fdas_oraclemodel</ownerDesignName>
<pk>true</pk>
<indexState>Primary Constraint</indexState>
<isSurrogateKey>false</isSurrogateKey>
<indexColumnUsage>
<colUsage columnID="BBDCA6DC-A895-1701-37C9-F278095DF0C6"/>
</indexColumnUsage>
</ind_PK_UK>
</indexes>
</Table>
