<?xml version = '1.0' encoding = 'UTF-8'?>
<Table class="oracle.dbtools.crest.model.design.relational.Table" directorySegmentName="seg_0" id="70256B94-705B-041D-7CDE-47453AB0DD1F" name="LOCAL_GOVERNMENT_AREA">
<createdBy>zhao0004</createdBy>
<createdTime>2020-09-28 13:24:09 UTC</createdTime>
<generatorID>066F9327-5FD0-6777-58A5-FC07DBE141EF</generatorID>
<ownerDesignName>fdas_oraclemodel</ownerDesignName>
<allowColumnReorder>false</allowColumnReorder>
<existDependencyGenerateInDDl>true</existDependencyGenerateInDDl>
<parsed>true</parsed>
<columns itemClass="oracle.dbtools.crest.model.design.relational.Column">
<Column name="LGA_code" id="282CDECD-E87F-CE87-B177-963E8012F70C">
<createdBy>zhao0004</createdBy>
<createdTime>2020-09-28 13:24:09 UTC</createdTime>
<commentInRDBMS><![CDATA[local government area code]]></commentInRDBMS>
<generatorID>9D49D1BA-0515-05A9-0E0B-994D8DE330C3</generatorID>
<ownerDesignName>fdas_oraclemodel</ownerDesignName>
<useDomainConstraints>false</useDomainConstraints>
<use>1</use>
<logicalDatatype>LOGDT019</logicalDatatype>
<dataTypePrecision>2</dataTypePrecision>
<ownDataTypeParameters>,2,</ownDataTypeParameters>
<autoIncrementCycle>false</autoIncrementCycle>
</Column>
<Column name="LGA_name" id="5A6CE258-F54E-C8B6-ED46-010C4498A24D">
<createdBy>zhao0004</createdBy>
<createdTime>2020-09-28 13:24:09 UTC</createdTime>
<commentInRDBMS><![CDATA[the name of local government area]]></commentInRDBMS>
<generatorID>63276C78-12D8-DC9F-0268-EBC71A80EF69</generatorID>
<ownerDesignName>fdas_oraclemodel</ownerDesignName>
<useDomainConstraints>false</useDomainConstraints>
<use>1</use>
<logicalDatatype>LOGDT024</logicalDatatype>
<dataTypeSize>25 BYTE</dataTypeSize>
<ownDataTypeParameters>25 BYTE,,</ownDataTypeParameters>
<autoIncrementCycle>false</autoIncrementCycle>
</Column>
<Column name="LGA_size" id="06A78A5E-34F1-68CB-03C8-AA7DB4F3361C">
<createdBy>zhao0004</createdBy>
<createdTime>2020-09-28 13:24:09 UTC</createdTime>
<commentInRDBMS><![CDATA[local government area (km^2)]]></commentInRDBMS>
<generatorID>22DA454A-4E66-4791-9F59-AEF6D4AEFD6A</generatorID>
<ownerDesignName>fdas_oraclemodel</ownerDesignName>
<useDomainConstraints>false</useDomainConstraints>
<use>1</use>
<logicalDatatype>LOGDT019</logicalDatatype>
<dataTypePrecision>7</dataTypePrecision>
<ownDataTypeParameters>,7,</ownDataTypeParameters>
<autoIncrementCycle>false</autoIncrementCycle>
</Column>
<Column name="LGA_CEO_name" id="D29D84E5-025F-B3F1-851F-07DEB8912CE0">
<createdBy>zhao0004</createdBy>
<createdTime>2020-09-28 13:24:09 UTC</createdTime>
<commentInRDBMS><![CDATA[name of CEO of local government area]]></commentInRDBMS>
<generatorID>DA76966E-D042-7056-869D-B7EF52D2E8C5</generatorID>
<ownerDesignName>fdas_oraclemodel</ownerDesignName>
<useDomainConstraints>false</useDomainConstraints>
<use>1</use>
<logicalDatatype>LOGDT024</logicalDatatype>
<dataTypeSize>25 BYTE</dataTypeSize>
<ownDataTypeParameters>25 BYTE,,</ownDataTypeParameters>
<autoIncrementCycle>false</autoIncrementCycle>
</Column>
<Column name="LGA_phoneNumber" id="4FF9C220-1237-2FEC-36EE-39EBCAB0C988">
<createdBy>zhao0004</createdBy>
<createdTime>2020-09-28 13:24:09 UTC</createdTime>
<commentInRDBMS><![CDATA[phone number of local government area office]]></commentInRDBMS>
<generatorID>64A21999-EE3A-7ADA-0145-7198EC835347</generatorID>
<ownerDesignName>fdas_oraclemodel</ownerDesignName>
<useDomainConstraints>false</useDomainConstraints>
<use>1</use>
<logicalDatatype>LOGDT025</logicalDatatype>
<dataTypeSize>10</dataTypeSize>
<ownDataTypeParameters>10,,</ownDataTypeParameters>
<autoIncrementCycle>false</autoIncrementCycle>
</Column>
</columns>
<indexes itemClass="oracle.dbtools.crest.model.design.relational.Index">
<ind_PK_UK id="5601D2AD-21B0-5E7F-02EF-613580AEA1F7" name="LOCAL_GOVERNMENT_AREA_PK">
<createdBy>zhao0004</createdBy>
<createdTime>2020-09-28 13:24:09 UTC</createdTime>
<generatorID>5DBBA985-1819-7C7B-BBB8-7593D83664DA</generatorID>
<ownerDesignName>fdas_oraclemodel</ownerDesignName>
<pk>true</pk>
<indexState>Primary Constraint</indexState>
<isSurrogateKey>false</isSurrogateKey>
<indexColumnUsage>
<colUsage columnID="282CDECD-E87F-CE87-B177-963E8012F70C"/>
</indexColumnUsage>
</ind_PK_UK>
</indexes>
</Table>
