<?xml version = '1.0' encoding = 'UTF-8'?>
<Table class="oracle.dbtools.crest.model.design.relational.Table" directorySegmentName="seg_0" id="D2060201-1666-0230-2609-A52EFCF66C99" name="ASSESSOR">
<createdBy>zhao0004</createdBy>
<createdTime>2020-09-28 13:24:09 UTC</createdTime>
<generatorID>9417A1DB-310C-F651-3335-85546A4B44B6</generatorID>
<ownerDesignName>fdas_oraclemodel</ownerDesignName>
<allowColumnReorder>false</allowColumnReorder>
<existDependencyGenerateInDDl>true</existDependencyGenerateInDDl>
<parsed>true</parsed>
<columns itemClass="oracle.dbtools.crest.model.design.relational.Column">
<Column name="assessor_id" id="1B7A0546-6AE2-B2BA-40B8-42DD2430FA29">
<createdBy>zhao0004</createdBy>
<createdTime>2020-09-28 13:24:09 UTC</createdTime>
<commentInRDBMS><![CDATA[assessor ID]]></commentInRDBMS>
<generatorID>F98F4D6A-A37D-106B-4D0B-EF02B0E16F8C</generatorID>
<ownerDesignName>fdas_oraclemodel</ownerDesignName>
<useDomainConstraints>false</useDomainConstraints>
<use>1</use>
<logicalDatatype>LOGDT019</logicalDatatype>
<dataTypePrecision>7</dataTypePrecision>
<ownDataTypeParameters>,7,</ownDataTypeParameters>
<autoIncrementCycle>false</autoIncrementCycle>
</Column>
<Column name="assessor_Gname" id="99ECA52D-68D3-08F1-E702-293AE3A75C0D">
<createdBy>zhao0004</createdBy>
<createdTime>2020-09-28 13:24:09 UTC</createdTime>
<commentInRDBMS><![CDATA[assessor_given name]]></commentInRDBMS>
<generatorID>D3225254-BE3C-A981-264B-1E2443BDF7E8</generatorID>
<ownerDesignName>fdas_oraclemodel</ownerDesignName>
<nullsAllowed>true</nullsAllowed>
<useDomainConstraints>false</useDomainConstraints>
<use>1</use>
<logicalDatatype>LOGDT024</logicalDatatype>
<dataTypeSize>30 BYTE</dataTypeSize>
<ownDataTypeParameters>30 BYTE,,</ownDataTypeParameters>
<autoIncrementCycle>false</autoIncrementCycle>
</Column>
<Column name="assessor_Fname" id="456E5B97-9DCB-C7D8-346E-40051F04458D">
<createdBy>zhao0004</createdBy>
<createdTime>2020-09-28 13:24:09 UTC</createdTime>
<commentInRDBMS><![CDATA[assessor_family name]]></commentInRDBMS>
<generatorID>312D0CC0-9C51-B9E2-B4E5-6C3553C5688F</generatorID>
<ownerDesignName>fdas_oraclemodel</ownerDesignName>
<nullsAllowed>true</nullsAllowed>
<useDomainConstraints>false</useDomainConstraints>
<use>1</use>
<logicalDatatype>LOGDT024</logicalDatatype>
<dataTypeSize>30 BYTE</dataTypeSize>
<ownDataTypeParameters>30 BYTE,,</ownDataTypeParameters>
<autoIncrementCycle>false</autoIncrementCycle>
</Column>
<Column name="assessor_contactNumber" id="59EE608E-05B9-A4C5-9922-70358424D0FC">
<createdBy>zhao0004</createdBy>
<createdTime>2020-09-28 13:24:09 UTC</createdTime>
<commentInRDBMS><![CDATA[assessor's contact number]]></commentInRDBMS>
<generatorID>B5594C6D-1426-2A64-27F5-53A692BFEA90</generatorID>
<ownerDesignName>fdas_oraclemodel</ownerDesignName>
<useDomainConstraints>false</useDomainConstraints>
<use>1</use>
<logicalDatatype>LOGDT025</logicalDatatype>
<dataTypeSize>10 BYTE</dataTypeSize>
<ownDataTypeParameters>10 BYTE,,</ownDataTypeParameters>
<autoIncrementCycle>false</autoIncrementCycle>
</Column>
<Column name="insur_code" id="83D5F6B9-54D2-D9FC-E728-FF8131C12053">
<createdBy>zhao0004</createdBy>
<createdTime>2020-09-28 13:24:09 UTC</createdTime>
<commentInRDBMS><![CDATA[insurer code]]></commentInRDBMS>
<generatorID>64983DDA-B2A9-E30D-651F-D8EC812FC6AE</generatorID>
<ownerDesignName>fdas_oraclemodel</ownerDesignName>
<useDomainConstraints>false</useDomainConstraints>
<use>1</use>
<logicalDatatype>LOGDT019</logicalDatatype>
<dataTypePrecision>7</dataTypePrecision>
<ownDataTypeParameters>,,</ownDataTypeParameters>
<previousColumn>false</previousColumn>
<autoIncrementCycle>false</autoIncrementCycle>
<associations>
<colAssociation fkAssociation="3560C592-3929-E758-7915-9C7D723E6559" referredColumn="BBDCA6DC-A895-1701-37C9-F278095DF0C6"/>
</associations>
</Column>
</columns>
<indexes itemClass="oracle.dbtools.crest.model.design.relational.Index">
<ind_PK_UK id="97DDAC7E-99CA-8670-80CC-6F4DB9EBE9A8" name="ASSESSOR_PK">
<createdBy>zhao0004</createdBy>
<createdTime>2020-09-28 13:24:09 UTC</createdTime>
<generatorID>BD346ECC-754E-3EF0-D75B-28E50488782C</generatorID>
<ownerDesignName>fdas_oraclemodel</ownerDesignName>
<pk>true</pk>
<indexState>Primary Constraint</indexState>
<isSurrogateKey>false</isSurrogateKey>
<indexColumnUsage>
<colUsage columnID="1B7A0546-6AE2-B2BA-40B8-42DD2430FA29"/>
</indexColumnUsage>
</ind_PK_UK>
<ind_PK_UK id="8BBF0B80-C444-DE1C-FC9C-03620D4E2A58" name="INSURER_ASSESSOR">
<createdBy>zhao0004</createdBy>
<createdTime>2020-09-28 13:24:09 UTC</createdTime>
<generatorID>1DEE9664-31D9-BFA4-C412-DE592208271A</generatorID>
<ownerDesignName>fdas_oraclemodel</ownerDesignName>
<indexState>Foreign Key</indexState>
<isSurrogateKey>false</isSurrogateKey>
<indexColumnUsage>
<colUsage columnID="83D5F6B9-54D2-D9FC-E728-FF8131C12053"/>
</indexColumnUsage>
</ind_PK_UK>
</indexes>
</Table>
