<?xml version = '1.0' encoding = 'UTF-8'?>
<FKIndexAssociation class="oracle.dbtools.crest.model.design.relational.FKIndexAssociation" directorySegmentName="seg_0" id="6EA1C156-6C47-F999-5AFC-ABE5EE813A47" containerWithKeyObject="BBDAA82B-DFDF-10BA-7DBE-E347F3BEAD14" localFKIndex="B4D8DD07-4853-D44B-2346-F057C696AFD3" name="ASSESSMENT_DAMAGE_VISIT">
<createdBy>zhao0004</createdBy>
<createdTime>2020-09-26 03:37:05 UTC</createdTime>
<generatorID>B5ACACE9-2C73-B258-533E-3A899A86E449</generatorID>
<ownerDesignName>fdas_oraclemodel</ownerDesignName>
<referredTableLongName>ASSESSMENT_DAMAGE</referredTableLongName>
<deleteRule>NO ACTION</deleteRule>
<referredTableID>C47E30FB-2E10-63C5-9F2E-CE20A3DF9B11</referredTableID>
<keyObject>8A8193B5-8A1A-C1C3-FBAC-FCF02BB8CFDD</keyObject>
<referredKeyID>8A8193B5-8A1A-C1C3-FBAC-FCF02BB8CFDD</referredKeyID>
<mandatory>true</mandatory>
<refColNames>asse_dam_no</refColNames>
<transferable>true</transferable>
<rely>false</rely>
<columnDependencyConstraintGenerateInDDL>true</columnDependencyConstraintGenerateInDDL>
</FKIndexAssociation>
