<?xml version = '1.0' encoding = 'UTF-8'?>
<Relation class="oracle.dbtools.crest.model.design.logical.Relation" name="Relation_8" directorySegmentName="seg_0" id="1798E5DF-C66E-3FF5-7A9F-54D42745D921">
<createdBy>zhao0004</createdBy>
<createdTime>2020-09-25 23:40:23 UTC</createdTime>
<ownerDesignName>fdas_oraclemodel</ownerDesignName>
<sourcePk>BD346ECC-754E-3EF0-D75B-28E50488782C</sourcePk>
<identifying>false</identifying>
<nameOnSource>assess</nameOnSource>
<optionalSource>false</optionalSource>
<optionalTarget>false</optionalTarget>
<sourceCardinality>1</sourceCardinality>
<sourceEntity>9417A1DB-310C-F651-3335-85546A4B44B6</sourceEntity>
<targetCardinalityString>*</targetCardinalityString>
<targetEntity>F6F40970-9E3C-1252-4B2D-EFF395E57E12</targetEntity>
<transferable>true</transferable>
<deleteRule>NO ACTION</deleteRule>
</Relation>
