<?xml version = '1.0' encoding = 'UTF-8'?>
<Relation class="oracle.dbtools.crest.model.design.logical.Relation" name="BUILDING_ASSE_DAMAGE" directorySegmentName="seg_0" id="1B6CBC24-45A4-88C6-3BDD-77C264A56D01">
<createdBy>zhao0004</createdBy>
<createdTime>2020-09-25 23:41:29 UTC</createdTime>
<ownerDesignName>fdas_oraclemodel</ownerDesignName>
<sourcePk>49DE7A1D-3E4C-E6EC-14CC-706A5BAE7C17</sourcePk>
<identifying>false</identifying>
<nameOnSource>has</nameOnSource>
<optionalSource>true</optionalSource>
<optionalTarget>false</optionalTarget>
<sourceCardinality>1</sourceCardinality>
<sourceEntity>A48BDD0C-B00A-5FE0-AA40-6DE48D3BF453</sourceEntity>
<targetCardinalityString>*</targetCardinalityString>
<targetEntity>F6F40970-9E3C-1252-4B2D-EFF395E57E12</targetEntity>
<transferable>true</transferable>
<deleteRule>NO ACTION</deleteRule>
</Relation>
