<?xml version = '1.0' encoding = 'UTF-8'?>
<Relation class="oracle.dbtools.crest.model.design.logical.Relation" name="INSURER_ASSESSOR" directorySegmentName="seg_0" id="1DEE9664-31D9-BFA4-C412-DE592208271A">
<createdBy>zhao0004</createdBy>
<createdTime>2020-09-25 23:46:58 UTC</createdTime>
<ownerDesignName>fdas_oraclemodel</ownerDesignName>
<sourcePk>B34FE841-BE13-A9F8-1F7B-B6AA1DF957E4</sourcePk>
<identifying>false</identifying>
<nameOnSource>employ</nameOnSource>
<optionalSource>true</optionalSource>
<optionalTarget>false</optionalTarget>
<sourceCardinality>1</sourceCardinality>
<sourceEntity>BC34F69E-3795-35CD-60C0-5F4123142F68</sourceEntity>
<targetCardinalityString>*</targetCardinalityString>
<targetEntity>9417A1DB-310C-F651-3335-85546A4B44B6</targetEntity>
<transferable>true</transferable>
<deleteRule>NO ACTION</deleteRule>
</Relation>
