<?xml version = '1.0' encoding = 'UTF-8'?>
<relationalModel class="oracle.dbtools.crest.model.design.relational.RelationalDesign" name="Relational_1" id="DB2625E2-B957-9BA8-CE46-C44B6C201711" mainViewID="4D5E72B3-AD4F-E77C-E1B3-F85AFC6A6CB0">
<createdBy>zhao0004</createdBy>
<createdTime>2020-09-26 03:31:09 UTC</createdTime>
<ownerDesignName>fdas_oraclemodel</ownerDesignName>
<shouldBeOpen>false</shouldBeOpen>
<selectedRDBMSSite>32076570-2523-435C-2E92-BF29817DFF70</selectedRDBMSSite>
</relationalModel>
