<?xml version = '1.0' encoding = 'UTF-8'?>
<Entity class="oracle.dbtools.crest.model.design.logical.Entity" directorySegmentName="seg_0" id="1D241260-DCD6-A16D-623E-1F6EF504CA82" name="VISIT">
<createdBy>zhao0004</createdBy>
<createdTime>2020-09-25 23:51:02 UTC</createdTime>
<ownerDesignName>fdas_oraclemodel</ownerDesignName>
<adequatelyNormalized>NO</adequatelyNormalized>
<expectedVolumes>0</expectedVolumes>
<fwdEngineeringStrategyName>Single Table</fwdEngineeringStrategyName>
<growthPercent>0</growthPercent>
<growthType>Year</growthType>
<maxVolumes>9999999</maxVolumes>
<minVolumes>0</minVolumes>
<normalForm>Third</normalForm>
<attributes itemClass="oracle.dbtools.crest.model.design.logical.Attribute">
<Attribute name="Vi_no" id="15272A6A-A7F6-7E68-F7A1-9CE6A41B4157">
<createdBy>zhao0004</createdBy>
<createdTime>2020-09-25 23:51:10 UTC</createdTime>
<commentInRDBMS><![CDATA[visit number(surrogate key)]]></commentInRDBMS>
<ownerDesignName>fdas_oraclemodel</ownerDesignName>
<useDomainConstraints>false</useDomainConstraints>
<use>1</use>
<logicalDatatype>LOGDT019</logicalDatatype>
<dataTypePrecision>7</dataTypePrecision>
<ownDataTypeParameters>,7,</ownDataTypeParameters>
</Attribute>
<Attribute name="pro_id" id="2252B5E2-D2E7-1068-0F8E-704AF787CEB2">
<createdBy>zhao0004</createdBy>
<createdTime>2020-09-26 02:15:05 UTC</createdTime>
<commentInRDBMS><![CDATA[property ID]]></commentInRDBMS>
<ownerDesignName>fdas_oraclemodel</ownerDesignName>
<useDomainConstraints>false</useDomainConstraints>
<use>1</use>
<logicalDatatype>LOGDT019</logicalDatatype>
<dataTypePrecision>7</dataTypePrecision>
<ownDataTypeParameters>,7,</ownDataTypeParameters>
</Attribute>
<Attribute name="Building_id" id="77DD97ED-6CC3-419B-AE6F-BB4FB1D92C7D">
<createdBy>zhao0004</createdBy>
<createdTime>2020-09-26 02:15:26 UTC</createdTime>
<commentInRDBMS><![CDATA[building ID]]></commentInRDBMS>
<ownerDesignName>fdas_oraclemodel</ownerDesignName>
<useDomainConstraints>false</useDomainConstraints>
<use>1</use>
<logicalDatatype>LOGDT019</logicalDatatype>
<dataTypePrecision>3</dataTypePrecision>
<ownDataTypeParameters>,3,</ownDataTypeParameters>
</Attribute>
<Attribute name="Vi_arr_date" id="9622494A-B2D5-C117-2984-D9ADF27ADF24">
<createdBy>zhao0004</createdBy>
<createdTime>2020-09-25 23:53:07 UTC</createdTime>
<commentInRDBMS><![CDATA[visit_arrived_date]]></commentInRDBMS>
<ownerDesignName>fdas_oraclemodel</ownerDesignName>
<useDomainConstraints>false</useDomainConstraints>
<use>1</use>
<logicalDatatype>LOGDT007</logicalDatatype>
<ownDataTypeParameters>,,</ownDataTypeParameters>
</Attribute>
<Attribute name="Vi_arr_time" id="7F28FD25-11B9-61FC-C78B-47432D01D18B">
<createdBy>zhao0004</createdBy>
<createdTime>2020-09-25 23:54:29 UTC</createdTime>
<commentInRDBMS><![CDATA[visit_arrived_time]]></commentInRDBMS>
<ownerDesignName>fdas_oraclemodel</ownerDesignName>
<useDomainConstraints>false</useDomainConstraints>
<use>1</use>
<logicalDatatype>LOGDT007</logicalDatatype>
<ownDataTypeParameters>,,</ownDataTypeParameters>
</Attribute>
<Attribute name="Vi_depart_date" id="F40DFD0B-580B-C06B-89E4-9D586F64316E">
<createdBy>zhao0004</createdBy>
<createdTime>2020-09-25 23:54:55 UTC</createdTime>
<commentInRDBMS><![CDATA[visit_depart_date]]></commentInRDBMS>
<ownerDesignName>fdas_oraclemodel</ownerDesignName>
<useDomainConstraints>false</useDomainConstraints>
<use>1</use>
<logicalDatatype>LOGDT007</logicalDatatype>
<ownDataTypeParameters>,,</ownDataTypeParameters>
</Attribute>
<Attribute name="Vi_depart_time" id="7A1BB730-564A-8483-9018-51C74FE09403">
<createdBy>zhao0004</createdBy>
<createdTime>2020-09-25 23:55:33 UTC</createdTime>
<commentInRDBMS><![CDATA[visit_depart_time]]></commentInRDBMS>
<ownerDesignName>fdas_oraclemodel</ownerDesignName>
<useDomainConstraints>false</useDomainConstraints>
<use>1</use>
<logicalDatatype>LOGDT007</logicalDatatype>
<ownDataTypeParameters>,,</ownDataTypeParameters>
</Attribute>
<Attribute name="asse_dam_no" id="90C1B89F-43DF-7967-AE60-871FC522C0C2">
<createdBy>zhao0004</createdBy>
<createdTime>2020-09-26 02:03:03 UTC</createdTime>
<commentInRDBMS><![CDATA[ number of the assessment damage (surrogate key)]]></commentInRDBMS>
<generatorID>B5ACACE9-2C73-B258-533E-3A899A86E449</generatorID>
<ownerDesignName>fdas_oraclemodel</ownerDesignName>
<referedAttribute>A93A2EF1-8261-EDDA-0CA3-CAA00D5A7167</referedAttribute>
<useDomainConstraints>false</useDomainConstraints>
<use>1</use>
<logicalDatatype>LOGDT019</logicalDatatype>
<dataTypePrecision>7</dataTypePrecision>
<ownDataTypeParameters>,,</ownDataTypeParameters>
</Attribute>
</attributes>
<identifiers itemClass="oracle.dbtools.crest.model.design.logical.CandidateKey">
<identifier id="DC85CAF7-0DFA-D347-8940-D2E0D0B5E87D" name="VISIT PK">
<createdBy>zhao0004</createdBy>
<createdTime>2020-09-25 23:51:35 UTC</createdTime>
<ownerDesignName>fdas_oraclemodel</ownerDesignName>
<pk>true</pk>
<newElementsIDs>15272A6A-A7F6-7E68-F7A1-9CE6A41B4157</newElementsIDs>
<usedAttributes>
<attributeRef>15272A6A-A7F6-7E68-F7A1-9CE6A41B4157</attributeRef>
</usedAttributes>
</identifier>
<identifier id="6B1E7B1D-55C5-E214-C340-DA826F347417" name="VISIT_NK">
<createdBy>zhao0004</createdBy>
<createdTime>2020-09-26 00:28:41 UTC</createdTime>
<ownerDesignName>fdas_oraclemodel</ownerDesignName>
<newElementsIDs>9622494A-B2D5-C117-2984-D9ADF27ADF24,7F28FD25-11B9-61FC-C78B-47432D01D18B,77DD97ED-6CC3-419B-AE6F-BB4FB1D92C7D,2252B5E2-D2E7-1068-0F8E-704AF787CEB2</newElementsIDs>
<usedAttributes>
<attributeRef>9622494A-B2D5-C117-2984-D9ADF27ADF24</attributeRef>
<attributeRef>7F28FD25-11B9-61FC-C78B-47432D01D18B</attributeRef>
<attributeRef>77DD97ED-6CC3-419B-AE6F-BB4FB1D92C7D</attributeRef>
<attributeRef>2252B5E2-D2E7-1068-0F8E-704AF787CEB2</attributeRef>
</usedAttributes>
</identifier>
</identifiers>
</Entity>
