<?xml version = '1.0' encoding = 'UTF-8'?>
<Entity class="oracle.dbtools.crest.model.design.logical.Entity" directorySegmentName="seg_0" id="9417A1DB-310C-F651-3335-85546A4B44B6" name="ASSESSOR">
<createdBy>zhao0004</createdBy>
<createdTime>2020-09-25 23:19:24 UTC</createdTime>
<ownerDesignName>fdas_oraclemodel</ownerDesignName>
<adequatelyNormalized>NO</adequatelyNormalized>
<expectedVolumes>0</expectedVolumes>
<fwdEngineeringStrategyName>Single Table</fwdEngineeringStrategyName>
<growthPercent>0</growthPercent>
<growthType>Year</growthType>
<maxVolumes>9999999</maxVolumes>
<minVolumes>0</minVolumes>
<normalForm>Third</normalForm>
<attributes itemClass="oracle.dbtools.crest.model.design.logical.Attribute">
<Attribute name="assessor_id" id="F98F4D6A-A37D-106B-4D0B-EF02B0E16F8C">
<createdBy>zhao0004</createdBy>
<createdTime>2020-09-25 23:19:37 UTC</createdTime>
<commentInRDBMS><![CDATA[assessor ID]]></commentInRDBMS>
<ownerDesignName>fdas_oraclemodel</ownerDesignName>
<useDomainConstraints>false</useDomainConstraints>
<use>1</use>
<logicalDatatype>LOGDT019</logicalDatatype>
<dataTypePrecision>7</dataTypePrecision>
<ownDataTypeParameters>,7,</ownDataTypeParameters>
</Attribute>
<Attribute name="assessor_Gname" id="D3225254-BE3C-A981-264B-1E2443BDF7E8">
<createdBy>zhao0004</createdBy>
<createdTime>2020-09-25 23:20:08 UTC</createdTime>
<commentInRDBMS><![CDATA[assessor_given name]]></commentInRDBMS>
<ownerDesignName>fdas_oraclemodel</ownerDesignName>
<useDomainConstraints>false</useDomainConstraints>
<use>1</use>
<logicalDatatype>LOGDT024</logicalDatatype>
<dataTypeSize>30 BYTE</dataTypeSize>
<ownDataTypeParameters>30 BYTE,,</ownDataTypeParameters>
</Attribute>
<Attribute name="assessor_Fname" id="312D0CC0-9C51-B9E2-B4E5-6C3553C5688F">
<createdBy>zhao0004</createdBy>
<createdTime>2020-09-25 23:20:47 UTC</createdTime>
<commentInRDBMS><![CDATA[assessor_family name]]></commentInRDBMS>
<ownerDesignName>fdas_oraclemodel</ownerDesignName>
<useDomainConstraints>false</useDomainConstraints>
<use>1</use>
<logicalDatatype>LOGDT024</logicalDatatype>
<dataTypeSize>30 BYTE</dataTypeSize>
<ownDataTypeParameters>30 BYTE,,</ownDataTypeParameters>
</Attribute>
<Attribute name="assessor_contactNumber" id="B5594C6D-1426-2A64-27F5-53A692BFEA90">
<createdBy>zhao0004</createdBy>
<createdTime>2020-09-25 23:21:17 UTC</createdTime>
<commentInRDBMS><![CDATA[assessor's contact number]]></commentInRDBMS>
<ownerDesignName>fdas_oraclemodel</ownerDesignName>
<useDomainConstraints>false</useDomainConstraints>
<use>1</use>
<logicalDatatype>LOGDT025</logicalDatatype>
<dataTypeSize>10 BYTE</dataTypeSize>
<ownDataTypeParameters>10 BYTE,,</ownDataTypeParameters>
</Attribute>
<Attribute name="insur_code" id="64983DDA-B2A9-E30D-651F-D8EC812FC6AE">
<createdBy>zhao0004</createdBy>
<createdTime>2020-09-25 23:46:58 UTC</createdTime>
<commentInRDBMS><![CDATA[insurer code]]></commentInRDBMS>
<generatorID>1DEE9664-31D9-BFA4-C412-DE592208271A</generatorID>
<ownerDesignName>fdas_oraclemodel</ownerDesignName>
<referedAttribute>66AC0683-4E6B-1AA5-1A87-51FB395D03A1</referedAttribute>
<useDomainConstraints>false</useDomainConstraints>
<use>1</use>
<logicalDatatype>LOGDT019</logicalDatatype>
<dataTypePrecision>7</dataTypePrecision>
<ownDataTypeParameters>,,</ownDataTypeParameters>
</Attribute>
</attributes>
<identifiers itemClass="oracle.dbtools.crest.model.design.logical.CandidateKey">
<identifier id="BD346ECC-754E-3EF0-D75B-28E50488782C" name="ASSESSOR PK">
<createdBy>zhao0004</createdBy>
<createdTime>2020-09-25 23:19:48 UTC</createdTime>
<ownerDesignName>fdas_oraclemodel</ownerDesignName>
<pk>true</pk>
<usedAttributes>
<attributeRef>F98F4D6A-A37D-106B-4D0B-EF02B0E16F8C</attributeRef>
</usedAttributes>
</identifier>
</identifiers>
</Entity>
