<?xml version = '1.0' encoding = 'UTF-8'?>
<Entity class="oracle.dbtools.crest.model.design.logical.Entity" directorySegmentName="seg_0" id="A48BDD0C-B00A-5FE0-AA40-6DE48D3BF453" name="BUILDING">
<createdBy>zhao0004</createdBy>
<createdTime>2020-09-25 23:26:41 UTC</createdTime>
<ownerDesignName>fdas_oraclemodel</ownerDesignName>
<adequatelyNormalized>NO</adequatelyNormalized>
<expectedVolumes>0</expectedVolumes>
<fwdEngineeringStrategyName>Single Table</fwdEngineeringStrategyName>
<growthPercent>0</growthPercent>
<growthType>Year</growthType>
<maxVolumes>9999999</maxVolumes>
<minVolumes>0</minVolumes>
<normalForm>Third</normalForm>
<attributes itemClass="oracle.dbtools.crest.model.design.logical.Attribute">
<Attribute name="building_id" id="6CE97A9A-C37C-9A10-2EF3-D3F69253AEB4">
<createdBy>zhao0004</createdBy>
<createdTime>2020-09-25 23:26:48 UTC</createdTime>
<commentInRDBMS><![CDATA[building ID]]></commentInRDBMS>
<ownerDesignName>fdas_oraclemodel</ownerDesignName>
<useDomainConstraints>false</useDomainConstraints>
<use>1</use>
<logicalDatatype>LOGDT019</logicalDatatype>
<dataTypePrecision>3</dataTypePrecision>
<ownDataTypeParameters>,3,</ownDataTypeParameters>
</Attribute>
<Attribute name="pro_id" id="996CCC77-B074-3F7C-7D7D-26CBD0A7D1DB">
<createdBy>zhao0004</createdBy>
<createdTime>2020-09-25 23:44:52 UTC</createdTime>
<commentInRDBMS><![CDATA[property ID]]></commentInRDBMS>
<generatorID>1A40FF6F-C056-4701-C97F-F6D45B0DDDEC</generatorID>
<ownerDesignName>fdas_oraclemodel</ownerDesignName>
<referedAttribute>9EA8DBD1-C5E4-7D5A-F57D-FB3EB781D26E</referedAttribute>
<useDomainConstraints>false</useDomainConstraints>
<use>1</use>
<logicalDatatype>LOGDT019</logicalDatatype>
<dataTypePrecision>7</dataTypePrecision>
<ownDataTypeParameters>,,</ownDataTypeParameters>
</Attribute>
<Attribute name="building_size" id="03A2E8CF-0D27-65EC-A837-63C1BF0A444A">
<createdBy>zhao0004</createdBy>
<createdTime>2020-09-25 23:29:05 UTC</createdTime>
<commentInRDBMS><![CDATA[building size (in square metres)]]></commentInRDBMS>
<ownerDesignName>fdas_oraclemodel</ownerDesignName>
<useDomainConstraints>false</useDomainConstraints>
<use>1</use>
<logicalDatatype>LOGDT019</logicalDatatype>
<dataTypePrecision>3</dataTypePrecision>
<ownDataTypeParameters>,3,</ownDataTypeParameters>
</Attribute>
<Attribute name="building_date" id="AABE0C27-96B5-C3F8-F3C2-195D5AA1136A">
<createdBy>zhao0004</createdBy>
<createdTime>2020-09-25 23:36:28 UTC</createdTime>
<commentInRDBMS><![CDATA[building construction  date]]></commentInRDBMS>
<ownerDesignName>fdas_oraclemodel</ownerDesignName>
<useDomainConstraints>false</useDomainConstraints>
<use>1</use>
<logicalDatatype>LOGDT007</logicalDatatype>
<ownDataTypeParameters>,,</ownDataTypeParameters>
</Attribute>
<Attribute name="building_class" id="2E9B561B-9D6E-7D53-8A94-94B987604D4F">
<createdBy>zhao0004</createdBy>
<createdTime>2020-09-25 23:36:53 UTC</createdTime>
<commentInRDBMS><![CDATA[building class]]></commentInRDBMS>
<ownerDesignName>fdas_oraclemodel</ownerDesignName>
<useDomainConstraints>false</useDomainConstraints>
<use>1</use>
<logicalDatatype>LOGDT025</logicalDatatype>
<dataTypeSize>2 BYTE</dataTypeSize>
<ownDataTypeParameters>2 BYTE,,</ownDataTypeParameters>
</Attribute>
<Attribute name="building_insur_cov" id="0FB9B593-6EB4-ECD5-29EF-81920E59531F">
<createdBy>zhao0004</createdBy>
<createdTime>2020-09-25 23:37:36 UTC</createdTime>
<commentInRDBMS><![CDATA[building_insurance_coverage]]></commentInRDBMS>
<ownerDesignName>fdas_oraclemodel</ownerDesignName>
<useDomainConstraints>false</useDomainConstraints>
<use>1</use>
<logicalDatatype>LOGDT025</logicalDatatype>
<dataTypeSize>1 BYTE</dataTypeSize>
<listOfValues>
<valueDef value="N" description="no- no insurance coverage"/>
<valueDef value="Y" description="yes-insurance coverage"/>
</listOfValues>
<ownDataTypeParameters>1 BYTE,,</ownDataTypeParameters>
</Attribute>
<Attribute name="builidng_Totally_destr" id="DEA1FCE2-A738-1814-967C-225BF25F2E64">
<createdBy>zhao0004</createdBy>
<createdTime>2020-09-26 01:31:55 UTC</createdTime>
<commentInRDBMS><![CDATA[check if building is totally destroyed]]></commentInRDBMS>
<ownerDesignName>fdas_oraclemodel</ownerDesignName>
<useDomainConstraints>false</useDomainConstraints>
<use>1</use>
<logicalDatatype>LOGDT025</logicalDatatype>
<dataTypeSize>1 BYTE</dataTypeSize>
<listOfValues>
<valueDef value="N" description="no-not totally destroyed"/>
<valueDef value="Y" description="yes-the building is totally destroyed"/>
</listOfValues>
<ownDataTypeParameters>1 BYTE,,</ownDataTypeParameters>
</Attribute>
<Attribute name="insur_code" id="7AFEF21B-D833-F5A9-A81B-FC6948719AE4">
<createdBy>zhao0004</createdBy>
<createdTime>2020-09-25 23:47:56 UTC</createdTime>
<commentInRDBMS><![CDATA[insurer code]]></commentInRDBMS>
<generatorID>6E6A4FD5-6C3C-5483-2132-B836A918515F</generatorID>
<ownerDesignName>fdas_oraclemodel</ownerDesignName>
<referedAttribute>66AC0683-4E6B-1AA5-1A87-51FB395D03A1</referedAttribute>
<useDomainConstraints>false</useDomainConstraints>
<use>1</use>
<logicalDatatype>LOGDT019</logicalDatatype>
<dataTypePrecision>7</dataTypePrecision>
<ownDataTypeParameters>,,</ownDataTypeParameters>
</Attribute>
</attributes>
<identifiers itemClass="oracle.dbtools.crest.model.design.logical.CandidateKey">
<identifier id="49DE7A1D-3E4C-E6EC-14CC-706A5BAE7C17" name="BUILDING PK">
<createdBy>zhao0004</createdBy>
<createdTime>2020-09-25 23:42:43 UTC</createdTime>
<ownerDesignName>fdas_oraclemodel</ownerDesignName>
<pk>true</pk>
<usedAttributes>
<attributeRef>6CE97A9A-C37C-9A10-2EF3-D3F69253AEB4</attributeRef>
<attributeRef>996CCC77-B074-3F7C-7D7D-26CBD0A7D1DB</attributeRef>
</usedAttributes>
</identifier>
</identifiers>
</Entity>
