<?xml version = '1.0' encoding = 'UTF-8'?>
<FKIndexAssociation class="oracle.dbtools.crest.model.design.relational.FKIndexAssociation" directorySegmentName="seg_0" id="5AE28A64-9A77-2084-16D9-C4EBFF18FC34" containerWithKeyObject="046D768E-F329-36B8-01EC-3714927C744D" localFKIndex="5EEE70EE-4A6C-102B-B53E-7329D70A09A2" name="ASSESSOR_EMPLOYMENT">
<createdBy>zhao0004</createdBy>
<createdTime>2020-09-26 03:37:05 UTC</createdTime>
<generatorID>0A7969E3-D13A-77A7-5C26-9975DE8B93E4</generatorID>
<ownerDesignName>fdas_oraclemodel</ownerDesignName>
<referredTableLongName>ASSESSOR</referredTableLongName>
<deleteRule>NO ACTION</deleteRule>
<referredTableID>5E3B96BB-FE34-8881-D576-F1A06DCA11BC</referredTableID>
<keyObject>B24BAF8D-25B1-9179-9C95-B08959678DB9</keyObject>
<referredKeyID>B24BAF8D-25B1-9179-9C95-B08959678DB9</referredKeyID>
<mandatory>true</mandatory>
<refColNames>assessor_id</refColNames>
<transferable>true</transferable>
<rely>false</rely>
<columnDependencyConstraintGenerateInDDL>true</columnDependencyConstraintGenerateInDDL>
</FKIndexAssociation>
