<?xml version = '1.0' encoding = 'UTF-8'?>
<FKIndexAssociation class="oracle.dbtools.crest.model.design.relational.FKIndexAssociation" directorySegmentName="seg_0" id="5EB5588A-98B3-902B-2726-7CA11F129B22" containerWithKeyObject="C47E30FB-2E10-63C5-9F2E-CE20A3DF9B11" localFKIndex="987032CA-B3A8-F551-04FB-F92A075E6ACA" name="Relation_8">
<createdBy>zhao0004</createdBy>
<createdTime>2020-09-26 03:37:05 UTC</createdTime>
<generatorID>1798E5DF-C66E-3FF5-7A9F-54D42745D921</generatorID>
<ownerDesignName>fdas_oraclemodel</ownerDesignName>
<referredTableLongName>ASSESSOR</referredTableLongName>
<deleteRule>NO ACTION</deleteRule>
<referredTableID>5E3B96BB-FE34-8881-D576-F1A06DCA11BC</referredTableID>
<keyObject>B24BAF8D-25B1-9179-9C95-B08959678DB9</keyObject>
<referredKeyID>B24BAF8D-25B1-9179-9C95-B08959678DB9</referredKeyID>
<mandatory>true</mandatory>
<refColNames>assessor_id</refColNames>
<transferable>true</transferable>
<rely>false</rely>
<columnDependencyConstraintGenerateInDDL>true</columnDependencyConstraintGenerateInDDL>
</FKIndexAssociation>
