<?xml version = '1.0' encoding = 'UTF-8'?>
<Relation class="oracle.dbtools.crest.model.design.logical.Relation" name="Relation_18" directorySegmentName="seg_0" id="26051C68-81FE-9748-C45E-80CC389D4A00">
<createdBy>zhao0004</createdBy>
<createdTime>2020-09-26 00:58:16 UTC</createdTime>
<ownerDesignName>fdas_oraclemodel</ownerDesignName>
<targetPk>18434E55-83B2-BE4A-1F65-7A798D360345</targetPk>
<identifying>false</identifying>
<nameOnTarget>result in</nameOnTarget>
<optionalSource>true</optionalSource>
<optionalTarget>true</optionalTarget>
<sourceCardinality>1</sourceCardinality>
<sourceEntity>FB20C25D-1F12-D605-0A2F-6C217770C0B8</sourceEntity>
<targetCardinalityString>*</targetCardinalityString>
<targetEntity>FB20C25D-1F12-D605-0A2F-6C217770C0B8</targetEntity>
<transferable>true</transferable>
<deleteRule>NO ACTION</deleteRule>
</Relation>
