<?xml version = '1.0' encoding = 'UTF-8'?>
<Relation class="oracle.dbtools.crest.model.design.logical.Relation" name="INSURER_BUILDING" directorySegmentName="seg_0" id="6E6A4FD5-6C3C-5483-2132-B836A918515F">
<createdBy>zhao0004</createdBy>
<createdTime>2020-09-25 23:47:56 UTC</createdTime>
<ownerDesignName>fdas_oraclemodel</ownerDesignName>
<sourcePk>B34FE841-BE13-A9F8-1F7B-B6AA1DF957E4</sourcePk>
<identifying>false</identifying>
<nameOnTarget>is insured by</nameOnTarget>
<optionalSource>true</optionalSource>
<optionalTarget>false</optionalTarget>
<sourceCardinality>1</sourceCardinality>
<sourceEntity>BC34F69E-3795-35CD-60C0-5F4123142F68</sourceEntity>
<targetCardinalityString>*</targetCardinalityString>
<targetEntity>A48BDD0C-B00A-5FE0-AA40-6DE48D3BF453</targetEntity>
<transferable>true</transferable>
<deleteRule>NO ACTION</deleteRule>
</Relation>
