<?xml version = '1.0' encoding = 'UTF-8'?>
<Diagram class="oracle.dbtools.crest.swingui.logical.DPVLogical" name="Logical" id="3DACCF1E-E509-0135-88C6-065ABC2B514B">
<createdBy>zhao0004</createdBy>
<modifiedBy>zhao0004</modifiedBy>
<createdTime>2020-09-25 11:16:27 UTC</createdTime>
<autoRoute>false</autoRoute>
<boxInbox>true</boxInbox>
<showLegend>true</showLegend>
<showLabels>true</showLabels>
<showRelAttributes>false</showRelAttributes>
<gridEnabled>false</gridEnabled>
<showGrid>false</showGrid>
<diagramColor>-1</diagramColor>
<display>false</display>
<notation>2</notation>
<showAllDetails>false</showAllDetails>
<showElements>true</showElements>
<objectViews>
<OView class="oracle.dbtools.crest.swingui.logical.TVEntity" oid="066F9327-5FD0-6777-58A5-FC07DBE141EF" otype="Entity" vid="5F5D8746-A76A-BC15-3339-D029310FAA44">
<hideElementsInCurrentOnly>false</hideElementsInCurrentOnly>
<bounds x="978" y="262" width="188" height="115"/>
</OView>
<OView class="oracle.dbtools.crest.swingui.logical.TVEntity" oid="1B7A372C-8D0C-958E-D35E-1F38E75334DF" otype="Entity" vid="491A2714-88C1-1DE1-5C50-EC7520ACDB54">
<hideElementsInCurrentOnly>false</hideElementsInCurrentOnly>
<bounds x="1738" y="285" width="170" height="87"/>
</OView>
<OView class="oracle.dbtools.crest.swingui.logical.TVEntity" oid="1D241260-DCD6-A16D-623E-1F6EF504CA82" otype="Entity" vid="92285A83-0F32-B1A3-EEF9-2BE41497BE02">
<hideElementsInCurrentOnly>false</hideElementsInCurrentOnly>
<bounds x="8" y="566" width="168" height="164"/>
</OView>
<OView class="oracle.dbtools.crest.swingui.logical.TVEntity" oid="5B02BB13-90CD-068A-815D-A6A361403C39" otype="Entity" vid="02F1120D-B8C2-70B7-12C4-AA3E1A385CCD">
<hideElementsInCurrentOnly>false</hideElementsInCurrentOnly>
<bounds x="1342" y="258" width="170" height="180"/>
</OView>
<OView class="oracle.dbtools.crest.swingui.logical.TVEntity" oid="9417A1DB-310C-F651-3335-85546A4B44B6" otype="Entity" vid="B44B4FC9-254D-49BF-14A6-C4E488924D1C">
<hideElementsInCurrentOnly>false</hideElementsInCurrentOnly>
<bounds x="345" y="778" width="170" height="110"/>
</OView>
<OView class="oracle.dbtools.crest.swingui.logical.TVEntity" oid="A48BDD0C-B00A-5FE0-AA40-6DE48D3BF453" otype="Entity" vid="CFBA8EF9-78CB-0F3B-9743-37B845E3D112">
<hideElementsInCurrentOnly>false</hideElementsInCurrentOnly>
<bounds x="1342" y="754" width="170" height="148"/>
</OView>
<OView class="oracle.dbtools.crest.swingui.logical.TVEntity" oid="BC34F69E-3795-35CD-60C0-5F4123142F68" otype="Entity" vid="69CD4801-7218-0AC3-0E36-57FCD907B710">
<hideElementsInCurrentOnly>false</hideElementsInCurrentOnly>
<bounds x="731" y="777" width="170" height="110"/>
</OView>
<OView class="oracle.dbtools.crest.swingui.TVLegend" oid="DEEE1F47-B4C4-4E79-37B8-7FC5A381B30C" otype="Legend" vid="C03213D8-390F-4122-5F38-E2DCC4C86112">
<hideElementsInCurrentOnly>false</hideElementsInCurrentOnly>
<bounds x="10" y="10" width="232" height="135"/>
</OView>
<OView class="oracle.dbtools.crest.swingui.logical.TVEntity" oid="E11AE6FF-421C-F54A-B267-DB740C4E506E" otype="Entity" vid="60FF3511-16C1-0D8A-E48B-460D55254B62">
<hideElementsInCurrentOnly>false</hideElementsInCurrentOnly>
<bounds x="1343" y="35" width="170" height="110"/>
</OView>
<OView class="oracle.dbtools.crest.swingui.logical.TVEntity" oid="E24C7F9D-A7C1-5C57-3342-EA7A43DF75D5" otype="Entity" vid="E5E2B8C2-7BC1-7EA6-7B0D-D15B66BE3B23">
<hideElementsInCurrentOnly>false</hideElementsInCurrentOnly>
<bounds x="534" y="957" width="170" height="110"/>
</OView>
<OView class="oracle.dbtools.crest.swingui.logical.TVEntity" oid="E5EF42BB-66B5-3524-69C8-5E6A02D8686B" otype="Entity" vid="71A65C88-D08A-25BF-1569-96519553B286">
<hideElementsInCurrentOnly>false</hideElementsInCurrentOnly>
<bounds x="671" y="271" width="170" height="80"/>
</OView>
<OView class="oracle.dbtools.crest.swingui.logical.TVEntity" oid="F6F40970-9E3C-1252-4B2D-EFF395E57E12" otype="Entity" vid="CA6D9B7C-44B6-B667-B427-65CF9C5A8CE8">
<hideElementsInCurrentOnly>false</hideElementsInCurrentOnly>
<bounds x="348" y="541" width="170" height="150"/>
</OView>
<OView class="oracle.dbtools.crest.swingui.logical.TVEntity" oid="FB20C25D-1F12-D605-0A2F-6C217770C0B8" otype="Entity" vid="B740F1DD-E685-B295-8FB4-5494C0F5953C">
<hideElementsInCurrentOnly>false</hideElementsInCurrentOnly>
<bounds x="346" y="245" width="170" height="154"/>
</OView>
</objectViews>
<connectors>
<Connector class="oracle.dbtools.crest.swingui.logical.TVRelation" oid="07C4C77F-8955-B1D8-7FFA-D6E2CFA8F8D4" otype="Relation" vid_source="B740F1DD-E685-B295-8FB4-5494C0F5953C" vid_target="71A65C88-D08A-25BF-1569-96519553B286">
<hideElementsInCurrentOnly>false</hideElementsInCurrentOnly>
<backgroundColor>-16777216</backgroundColor>
<lineWidth>1</lineWidth>
<sourceLabel class="oracle.dbtools.crest.model.design.Label">
<site>0</site>
<labelBounds x="526" y="311" width="31" height="30"/>
<noBackgroundColor>true</noBackgroundColor>
<noForegroundColor>true</noForegroundColor>
</sourceLabel>
<points>
<point x="516" y="311"/>
<point x="671" y="313"/>
</points>
</Connector>
<Connector class="oracle.dbtools.crest.swingui.logical.TVRelation" oid="0A7969E3-D13A-77A7-5C26-9975DE8B93E4" otype="Relation" vid_source="B44B4FC9-254D-49BF-14A6-C4E488924D1C" vid_target="E5E2B8C2-7BC1-7EA6-7B0D-D15B66BE3B23">
<hideElementsInCurrentOnly>false</hideElementsInCurrentOnly>
<backgroundColor>-16777216</backgroundColor>
<lineWidth>1</lineWidth>
<sourceLabel class="oracle.dbtools.crest.model.design.Label">
<site>0</site>
<labelBounds x="428" y="924" width="31" height="30"/>
<noBackgroundColor>true</noBackgroundColor>
<noForegroundColor>true</noForegroundColor>
</sourceLabel>
<points>
<point x="428" y="888"/>
<point x="428" y="986"/>
<point x="534" y="986"/>
</points>
</Connector>
<Connector class="oracle.dbtools.crest.swingui.logical.TVRelation" oid="1798E5DF-C66E-3FF5-7A9F-54D42745D921" otype="Relation" vid_source="B44B4FC9-254D-49BF-14A6-C4E488924D1C" vid_target="CA6D9B7C-44B6-B667-B427-65CF9C5A8CE8">
<hideElementsInCurrentOnly>false</hideElementsInCurrentOnly>
<backgroundColor>-16777216</backgroundColor>
<lineWidth>1</lineWidth>
<sourceLabel class="oracle.dbtools.crest.model.design.Label">
<site>0</site>
<labelBounds x="431" y="734" width="43" height="30"/>
<noBackgroundColor>true</noBackgroundColor>
<noForegroundColor>true</noForegroundColor>
</sourceLabel>
<points>
<point x="431" y="778"/>
<point x="431" y="691"/>
</points>
</Connector>
<Connector class="oracle.dbtools.crest.swingui.logical.TVRelation" oid="1A40FF6F-C056-4701-C97F-F6D45B0DDDEC" otype="Relation" vid_source="02F1120D-B8C2-70B7-12C4-AA3E1A385CCD" vid_target="CFBA8EF9-78CB-0F3B-9743-37B845E3D112">
<hideElementsInCurrentOnly>false</hideElementsInCurrentOnly>
<backgroundColor>-16777216</backgroundColor>
<lineWidth>1</lineWidth>
<targetLabel class="oracle.dbtools.crest.model.design.Label">
<site>2</site>
<labelBounds x="1432" y="728" width="61" height="51"/>
<noBackgroundColor>true</noBackgroundColor>
<noForegroundColor>true</noForegroundColor>
</targetLabel>
<points>
<point x="1427" y="438"/>
<point x="1427" y="754"/>
</points>
</Connector>
<Connector class="oracle.dbtools.crest.swingui.logical.TVRelation" oid="1B6CBC24-45A4-88C6-3BDD-77C264A56D01" otype="Relation" vid_source="CFBA8EF9-78CB-0F3B-9743-37B845E3D112" vid_target="CA6D9B7C-44B6-B667-B427-65CF9C5A8CE8">
<hideElementsInCurrentOnly>false</hideElementsInCurrentOnly>
<backgroundColor>-16777216</backgroundColor>
<lineWidth>1</lineWidth>
<sourceLabel class="oracle.dbtools.crest.model.design.Label">
<site>0</site>
<labelBounds x="1357" y="710" width="31" height="30"/>
<noBackgroundColor>true</noBackgroundColor>
<noForegroundColor>true</noForegroundColor>
</sourceLabel>
<points>
<point x="1357" y="754"/>
<point x="1357" y="663"/>
<point x="518" y="663"/>
</points>
</Connector>
<Connector class="oracle.dbtools.crest.swingui.logical.TVRelation" oid="1DEE9664-31D9-BFA4-C412-DE592208271A" otype="Relation" vid_source="69CD4801-7218-0AC3-0E36-57FCD907B710" vid_target="B44B4FC9-254D-49BF-14A6-C4E488924D1C">
<hideElementsInCurrentOnly>false</hideElementsInCurrentOnly>
<backgroundColor>-16777216</backgroundColor>
<lineWidth>1</lineWidth>
<sourceLabel class="oracle.dbtools.crest.model.design.Label">
<site>0</site>
<labelBounds x="675" y="802" width="50" height="30"/>
<noBackgroundColor>true</noBackgroundColor>
<noForegroundColor>true</noForegroundColor>
</sourceLabel>
<points>
<point x="731" y="832"/>
<point x="515" y="832"/>
</points>
</Connector>
<Connector class="oracle.dbtools.crest.swingui.logical.TVRelation" oid="26051C68-81FE-9748-C45E-80CC389D4A00" otype="Relation" vid_source="B740F1DD-E685-B295-8FB4-5494C0F5953C" vid_target="B740F1DD-E685-B295-8FB4-5494C0F5953C">
<hideElementsInCurrentOnly>false</hideElementsInCurrentOnly>
<backgroundColor>-16777216</backgroundColor>
<lineWidth>1</lineWidth>
<targetLabel class="oracle.dbtools.crest.model.design.Label">
<site>2</site>
<labelBounds x="357" y="169" width="72" height="27"/>
<noBackgroundColor>true</noBackgroundColor>
<noForegroundColor>true</noForegroundColor>
</targetLabel>
<points>
<point x="360" y="245"/>
<point x="360" y="194"/>
<point x="498" y="193"/>
<point x="498" y="245"/>
</points>
</Connector>
<Connector class="oracle.dbtools.crest.swingui.logical.TVRelation" oid="3A2C74DC-62AA-E3FF-4B50-E832C8AE48D3" otype="Relation" vid_source="B740F1DD-E685-B295-8FB4-5494C0F5953C" vid_target="CA6D9B7C-44B6-B667-B427-65CF9C5A8CE8">
<hideElementsInCurrentOnly>false</hideElementsInCurrentOnly>
<backgroundColor>-16777216</backgroundColor>
<lineWidth>1</lineWidth>
<targetLabel class="oracle.dbtools.crest.model.design.Label">
<site>2</site>
<labelBounds x="395" y="495" width="66" height="42"/>
<noBackgroundColor>true</noBackgroundColor>
<noForegroundColor>true</noForegroundColor>
</targetLabel>
<points>
<point x="432" y="399"/>
<point x="432" y="541"/>
</points>
</Connector>
<Connector class="oracle.dbtools.crest.swingui.logical.TVRelation" oid="6E6A4FD5-6C3C-5483-2132-B836A918515F" otype="Relation" vid_source="69CD4801-7218-0AC3-0E36-57FCD907B710" vid_target="CFBA8EF9-78CB-0F3B-9743-37B845E3D112">
<hideElementsInCurrentOnly>false</hideElementsInCurrentOnly>
<backgroundColor>-16777216</backgroundColor>
<lineWidth>1</lineWidth>
<targetLabel class="oracle.dbtools.crest.model.design.Label">
<site>2</site>
<labelBounds x="1261" y="845" width="73" height="30"/>
<noBackgroundColor>true</noBackgroundColor>
<noForegroundColor>true</noForegroundColor>
</targetLabel>
<points>
<point x="901" y="832"/>
<point x="1342" y="832"/>
</points>
</Connector>
<Connector class="oracle.dbtools.crest.swingui.logical.TVRelation" oid="7067B9D2-9561-4A7E-75AF-D2A27FC57E1F" otype="Relation" vid_source="69CD4801-7218-0AC3-0E36-57FCD907B710" vid_target="E5E2B8C2-7BC1-7EA6-7B0D-D15B66BE3B23">
<hideElementsInCurrentOnly>false</hideElementsInCurrentOnly>
<backgroundColor>-16777216</backgroundColor>
<lineWidth>1</lineWidth>
<targetLabel class="oracle.dbtools.crest.model.design.Label">
<site>2</site>
<labelBounds x="594" y="926" width="86" height="30"/>
<noBackgroundColor>true</noBackgroundColor>
<noForegroundColor>true</noForegroundColor>
</targetLabel>
<points>
<point x="817" y="887"/>
<point x="817" y="992"/>
<point x="704" y="992"/>
</points>
</Connector>
<Connector class="oracle.dbtools.crest.swingui.logical.TVRelation" oid="AC683D84-345F-0E5D-17AC-FB122CF8E190" otype="Relation" vid_source="60FF3511-16C1-0D8A-E48B-460D55254B62" vid_target="02F1120D-B8C2-70B7-12C4-AA3E1A385CCD">
<hideElementsInCurrentOnly>false</hideElementsInCurrentOnly>
<backgroundColor>-16777216</backgroundColor>
<lineWidth>1</lineWidth>
<sourceLabel class="oracle.dbtools.crest.model.design.Label">
<site>0</site>
<labelBounds x="1427" y="181" width="34" height="30"/>
<noBackgroundColor>true</noBackgroundColor>
<noForegroundColor>true</noForegroundColor>
</sourceLabel>
<points>
<point x="1427" y="145"/>
<point x="1427" y="258"/>
</points>
</Connector>
<Connector class="oracle.dbtools.crest.swingui.logical.TVRelation" oid="B5ACACE9-2C73-B258-533E-3A899A86E449" otype="Relation" vid_source="CA6D9B7C-44B6-B667-B427-65CF9C5A8CE8" vid_target="92285A83-0F32-B1A3-EEF9-2BE41497BE02">
<hideElementsInCurrentOnly>false</hideElementsInCurrentOnly>
<backgroundColor>-16777216</backgroundColor>
<lineWidth>1</lineWidth>
<targetLabel class="oracle.dbtools.crest.model.design.Label">
<site>2</site>
<labelBounds x="185" y="639" width="43" height="32"/>
<noBackgroundColor>true</noBackgroundColor>
<noForegroundColor>true</noForegroundColor>
</targetLabel>
<points>
<point x="348" y="628"/>
<point x="176" y="629"/>
</points>
</Connector>
<Connector class="oracle.dbtools.crest.swingui.logical.TVRelation" oid="BEB2E4B6-EEB8-26E7-772F-0897A27402A1" otype="Relation" vid_source="491A2714-88C1-1DE1-5C50-EC7520ACDB54" vid_target="02F1120D-B8C2-70B7-12C4-AA3E1A385CCD">
<hideElementsInCurrentOnly>false</hideElementsInCurrentOnly>
<backgroundColor>-16777216</backgroundColor>
<lineWidth>1</lineWidth>
<sourceLabel class="oracle.dbtools.crest.model.design.Label">
<site>0</site>
<labelBounds x="1664" y="298" width="68" height="30"/>
<noBackgroundColor>true</noBackgroundColor>
<noForegroundColor>true</noForegroundColor>
</sourceLabel>
<points>
<point x="1738" y="328"/>
<point x="1512" y="328"/>
</points>
</Connector>
<Connector class="oracle.dbtools.crest.swingui.logical.TVRelation" oid="DF3AF305-A0DA-7746-E1A3-E4A85E20B773" otype="Relation" vid_source="5F5D8746-A76A-BC15-3339-D029310FAA44" vid_target="02F1120D-B8C2-70B7-12C4-AA3E1A385CCD">
<hideElementsInCurrentOnly>false</hideElementsInCurrentOnly>
<backgroundColor>-16777216</backgroundColor>
<lineWidth>1</lineWidth>
<targetLabel class="oracle.dbtools.crest.model.design.Label">
<site>2</site>
<labelBounds x="1256" y="326" width="76" height="30"/>
<noBackgroundColor>true</noBackgroundColor>
<noForegroundColor>true</noForegroundColor>
</targetLabel>
<points>
<point x="1166" y="319"/>
<point x="1342" y="319"/>
</points>
</Connector>
<Connector class="oracle.dbtools.crest.swingui.logical.TVRelation" oid="E1A86C38-D92B-C342-56C0-7A5ACA8A85AE" otype="Relation" vid_source="5F5D8746-A76A-BC15-3339-D029310FAA44" vid_target="71A65C88-D08A-25BF-1569-96519553B286">
<hideElementsInCurrentOnly>false</hideElementsInCurrentOnly>
<backgroundColor>-16777216</backgroundColor>
<lineWidth>1</lineWidth>
<sourceLabel class="oracle.dbtools.crest.model.design.Label">
<site>0</site>
<labelBounds x="941" y="281" width="31" height="30"/>
<noBackgroundColor>true</noBackgroundColor>
<noForegroundColor>true</noForegroundColor>
</sourceLabel>
<points>
<point x="978" y="311"/>
<point x="841" y="311"/>
</points>
</Connector>
</connectors>
</Diagram>
